Track Score,Spotify Streams,Spotify Playlist Count,Spotify Playlist Reach,Spotify Popularity,YouTube Likes,TikTok Posts,TikTok Likes,TikTok Views,YouTube Playlist Reach,Apple Music Playlist Count,AirPlay Spins,SiriusXM Spins,Deezer Playlist Count,Deezer Playlist Reach,Amazon Playlist Count,Shazam Counts
725.4,390470936.0,30716.0,196631588.0,92.0,1713126.0,5767700.0,651565900.0,5332281936.0,150597040.0,210.0,40975.0,684.0,62.0,17598718.0,114.0,2669262.0
545.9,323703884.0,28113.0,174597137.0,92.0,3486739.0,674700.0,35223547.0,208339025.0,156380351.0,188.0,40778.0,3.0,67.0,10422430.0,111.0,1118279.0
538.4,601309283.0,54331.0,211607669.0,92.0,2228730.0,3025400.0,275154237.0,3369120610.0,373784955.0,190.0,74333.0,536.0,136.0,36321847.0,172.0,5285340.0
410.1,670665438.0,105892.0,175421034.0,83.0,1392593.0,4202367.0,214943489.0,2938686633.0,2867222632.0,138.0,522042.0,4654.0,86.0,17167254.0,152.0,4517131.0
330.6,90676573.0,10400.0,184199419.0,86.0,988682.0,325800.0,121574500.0,974656200.0,174706874.0,191.0,3823.0,117.0,78.0,10800098.0,92.0,666302.0
316.3,221636195.0,13800.0,197280692.0,92.0,1307290.0,195300.0,45889000.0,360017000.0,342107131.0,244.0,41344.0,45.0,138.0,38243636.0,163.0,450344.0
299.9,925655569.0,103605.0,79944921.0,79.0,4294166.0,11054500.0,521725116.0,7499234052.0,2042145659.0,94.0,92231.0,228.0,60.0,5633435.0,83.0,2765808.0
297.6,395433400.0,12784.0,177932568.0,89.0,2484083.0,139300.0,25348800.0,207317000.0,268893710.0,221.0,129968.0,3.0,99.0,37988531.0,134.0,1210029.0
292.6,91272461.0,6499.0,52287548.0,86.0,569377.0,941900.0,119740900.0,1225345800.0,5839168.0,76.0,181.0,1.0,24.0,5054005.0,33.0,257661.0
281.5,547882871.0,24425.0,262343414.0,95.0,1825761.0,209200.0,169144295.0,1379499000.0,422646034.0,298.0,37208.0,236.0,167.0,41414565.0,149.0,1373085.0
237.5,124893397.0,3479.0,25936342.0,82.0,4907193.0,212500.0,48327004.0,390081328.0,38798822.0,36.0,2188.0,32.0,3.0,347997.0,26.0,191867.0
234.6,670376179.0,98450.0,150471020.0,83.0,2566846.0,2114363.0,369150956.0,3932956380.0,3031114430.0,225.0,486952.0,1215.0,180.0,19469488.0,188.0,6447136.0
233.5,750154960.0,139141.0,103879363.0,79.0,1495758.0,1031447.0,196985853.0,2231749390.0,1745168821.0,163.0,378114.0,856.0,113.0,16295286.0,112.0,7477917.0
224.1,775135157.0,88239.0,180617454.0,87.0,1504385.0,396560.0,49060857.0,597513595.0,4016801205.0,215.0,605841.0,162.0,133.0,42675181.0,120.0,10517831.0
221.1,759998727.0,188142.0,80392612.0,80.0,1222012.0,1237229.0,311252391.0,3281790327.0,140623676.0,123.0,265291.0,4003.0,40.0,2225409.0,88.0,3945184.0
214.5,3071214106.0,375201.0,64901153.0,71.0,27240268.0,10342366.0,393814740.0,5861939942.0,2428166573.0,549.0,573733.0,169.0,584.0,5749770.0,121.0,44842636.0
212.8,214237645.0,10871.0,202626837.0,92.0,251373.0,251200.0,71078500.0,443104700.0,148058631.0,247.0,3400.0,8.0,67.0,11523335.0,125.0,285858.0
209.6,1658229422.0,262248.0,239957538.0,83.0,4324989.0,728093.0,54258768.0,1051836430.0,1425853925.0,285.0,935190.0,2487.0,207.0,6479623.0,168.0,10973120.0
207.0,1126820069.0,177800.0,85255689.0,82.0,3701289.0,2557115.0,285329503.0,2578518632.0,1205538057.0,163.0,259255.0,96.0,77.0,3413707.0,80.0,8681350.0
206.2,997702304.0,105927.0,92834002.0,86.0,959175.0,3648759.0,857220853.0,5469808282.0,298259422.0,91.0,36285.0,2676.0,63.0,10874749.0,110.0,2682219.0
205.1,493627071.0,45300.0,87874006.0,80.0,1575378.0,93500.0,35970610.0,386610043.0,3129834452.0,174.0,564640.0,405.0,146.0,28246184.0,127.0,2389957.0
195.1,3909458734.0,316378.0,148037882.0,80.0,45770887.0,2270315.0,194420058.0,2320856331.0,2294804623.0,465.0,402829.0,282.0,512.0,2710931.0,115.0,1146246.0
194.0,4281468720.0,590392.0,165544011.0,83.0,10093211.0,2882064.0,337322563.0,3501177394.0,2258085924.0,859.0,1695240.0,1116.0,564.0,11701129.0,184.0,28994660.0
189.1,1556275789.0,210583.0,95974138.0,74.0,3364206.0,2379787.0,683088623.0,7945975878.0,1524133775.0,203.0,718849.0,117.0,63.0,1616564.0,167.0,10192485.0
186.1,69729033.0,2483.0,21046278.0,81.0,1724693.0,56600.0,61038623.0,393973528.0,32059104.0,40.0,709.0,13.0,7.0,544322.0,14.0,63283.0
180.1,584427088.0,182994.0,19203258.0,68.0,8766235.0,6129450.0,856216952.0,18216656774.0,2952879912.0,138.0,191634.0,759.0,53.0,3481756.0,45.0,22563407.0
177.7,1873746537.0,190202.0,99546318.0,82.0,3153793.0,266430.0,152410048.0,1284413960.0,426461749.0,214.0,655242.0,5448.0,73.0,1304067.0,122.0,4873832.0
177.6,891720245.0,114560.0,97542546.0,82.0,2761964.0,1443103.0,498822693.0,3998086216.0,1384310160.0,168.0,275119.0,68.0,108.0,10920686.0,111.0,4476509.0
170.3,1010494713.0,127393.0,18652312.0,67.0,41487213.0,5757883.0,187301054.0,1981431049.0,939714925.0,63.0,49780.0,2195.0,64.0,397418.0,100.0,8856633.0
168.1,692512930.0,199828.0,55464762.0,78.0,2332307.0,731797.0,130560533.0,1254944697.0,918145630.0,155.0,42082.0,36.0,41.0,1790031.0,76.0,3093667.0
167.8,1024381758.0,78554.0,69319589.0,78.0,8953293.0,457111.0,15048444.0,248168852.0,1174053183.0,138.0,149584.0,38.0,84.0,8850320.0,131.0,3488226.0
167.3,1500499584.0,359502.0,125112486.0,74.0,11553088.0,2866181.0,290811371.0,4067248819.0,782475986.0,258.0,240677.0,438.0,137.0,4015523.0,102.0,17210946.0
166.5,1215336974.0,129463.0,39814172.0,74.0,3831236.0,5416.0,550073.0,15373104.0,546259059.0,83.0,40153.0,227.0,24.0,4946338.0,61.0,3435177.0
164.9,1032225805.0,94887.0,74469479.0,79.0,3118229.0,1031612.0,116003972.0,2416141351.0,1690231413.0,83.0,57941.0,177.0,42.0,3360878.0,48.0,2635577.0
162.0,333202114.0,108322.0,41018697.0,68.0,2084532.0,928132.0,63253779.0,748253884.0,735908540.0,148.0,346411.0,146.0,30.0,1277729.0,60.0,4207535.0
161.7,1692951462.0,209490.0,88591675.0,78.0,8795731.0,1212100.0,196608777.0,2054826154.0,56677146.0,99.0,138254.0,37.0,58.0,5211955.0,65.0,6836893.0
153.6,851085705.0,129047.0,50996176.0,70.0,2461166.0,3502547.0,955272568.0,8781020473.0,806434641.0,162.0,223173.0,6243.0,65.0,8655684.0,130.0,2580691.0
153.3,1013350808.0,108036.0,86470319.0,84.0,2521214.0,402338.0,97819766.0,887803828.0,560893301.0,154.0,559589.0,513.0,60.0,2707900.0,61.0,3129609.0
152.1,242070373.0,37170.0,74130983.0,76.0,261664.0,2553106.0,312997953.0,3832221658.0,15593731.0,106.0,370635.0,5999.0,69.0,1792014.0,79.0,2219984.0
150.7,478150858.0,73306.0,51842133.0,78.0,1312763.0,1700998.0,182319546.0,2111289492.0,90954700.0,78.0,35330.0,39.0,56.0,15784760.0,53.0,2255465.0
148.9,251153869.0,16811.0,92985554.0,76.0,961957.0,102884.0,34572688.0,431390500.0,2120552147.0,162.0,180711.0,57.0,127.0,33540073.0,116.0,2047771.0
146.6,1911559785.0,317345.0,87765033.0,78.0,4829633.0,4930490.0,561201008.0,4574447121.0,2077511.0,255.0,296948.0,181.0,138.0,555650.0,28.0,11988760.0
144.5,518988585.0,73116.0,58391498.0,80.0,768813.0,354036.0,74258021.0,924204888.0,103658014.0,117.0,673629.0,59.0,67.0,8306302.0,104.0,3108167.0
142.2,3006226762.0,335880.0,89243475.0,81.0,42240881.0,5745117.0,453132709.0,5876458723.0,276194776.0,226.0,253782.0,388.0,118.0,1138425.0,71.0,21306706.0
141.0,787155930.0,183850.0,58397185.0,77.0,2590835.0,931660.0,95662104.0,836550889.0,3934416606.0,150.0,463665.0,1308.0,32.0,399388.0,69.0,3534164.0
139.5,532605345.0,128534.0,31725858.0,81.0,1237197.0,322900.0,108595670.0,947194801.0,259363238.0,46.0,107637.0,57.0,33.0,1423258.0,40.0,1861958.0
138.6,818858244.0,223609.0,49586777.0,71.0,2756840.0,1610614.0,624748318.0,6890780336.0,3849170813.0,148.0,666615.0,4406.0,37.0,759989.0,77.0,4244972.0
137.8,659010786.0,129923.0,93969186.0,86.0,1990342.0,22100.0,13787343.0,107398826.0,244390161.0,87.0,37314.0,361.0,46.0,2137898.0,38.0,1839283.0
136.2,438796949.0,23959.0,34805394.0,78.0,2202866.0,1223804.0,46080266.0,782582119.0,1337889706.0,56.0,60758.0,959.0,29.0,3457921.0,38.0,865444.0
133.0,1867736006.0,302486.0,82611625.0,76.0,10795292.0,2467227.0,160756733.0,1768836179.0,2069527154.0,329.0,931316.0,1897.0,273.0,3821598.0,85.0,10228436.0
128.9,998964097.0,90793.0,87801398.0,18.0,2108657.0,394640.0,152624014.0,1448207880.0,1111017294.0,173.0,161513.0,93.0,61.0,5239925.0,128.0,4872257.0
127.8,631955547.0,121823.0,45030006.0,74.0,2647341.0,3168854.0,243797561.0,3233505931.0,704906130.0,145.0,122781.0,202.0,74.0,1217657.0,54.0,6121126.0
123.9,2548389305.0,339306.0,75858140.0,78.0,9384427.0,1900813.0,44442433.0,338071383.0,274498079.0,153.0,69562.0,132.0,54.0,442640.0,36.0,9308937.0
121.9,922010059.0,107189.0,61174155.0,79.0,567295.0,285414.0,61112010.0,811685466.0,182412108.0,106.0,18364.0,1846.0,7.0,33712.0,38.0,2665347.0
120.8,1754311538.0,271758.0,62218811.0,74.0,7686994.0,1036355.0,225139300.0,2658904267.0,3526952174.0,454.0,1347725.0,1035.0,352.0,7318680.0,136.0,15886717.0
116.5,630373315.0,70400.0,105320547.0,84.0,246731.0,215433.0,70110809.0,586454750.0,207483261.0,95.0,83414.0,35.0,47.0,9094602.0,112.0,1673932.0
115.9,474590289.0,24891.0,25915889.0,78.0,1569516.0,136500.0,32754141.0,509287649.0,1484713132.0,27.0,15783.0,215.0,22.0,2762020.0,27.0,1173817.0
114.2,689181455.0,61138.0,90492257.0,83.0,738123.0,213300.0,49332435.0,487440417.0,546833520.0,67.0,32507.0,175.0,51.0,13729294.0,44.0,930098.0
112.5,827950825.0,118965.0,64661540.0,73.0,2751490.0,172228.0,118133115.0,1359837461.0,3624466116.0,83.0,761996.0,2175.0,43.0,3276564.0,70.0,3384275.0
111.4,1126986320.0,200887.0,45885823.0,73.0,5388022.0,461623.0,313934124.0,2305840359.0,2451087344.0,77.0,148360.0,719.0,22.0,379311.0,35.0,3897680.0
111.1,89362910.0,7377.0,70714216.0,84.0,525264.0,361700.0,71058620.0,476545000.0,126493852.0,52.0,52534.0,976.0,4.0,57534.0,58.0,514293.0
110.1,804925777.0,128247.0,62532855.0,75.0,1729347.0,935169.0,362063344.0,3209982240.0,841611064.0,138.0,400246.0,65.0,65.0,8982560.0,66.0,6548714.0
109.7,971473231.0,239671.0,77479207.0,78.0,2003253.0,803500.0,85725313.0,926300276.0,327806846.0,110.0,1041.0,641.0,18.0,314003.0,57.0,3142892.0
109.5,1125681368.0,251023.0,32574699.0,72.0,3322075.0,5487112.0,345484397.0,2775640343.0,258709304.0,119.0,372838.0,744.0,21.0,94686.0,22.0,3908069.0
107.4,2042792456.0,198888.0,69311277.0,75.0,20528541.0,3897257.0,208270183.0,2216715741.0,2352917415.0,180.0,320792.0,300.0,69.0,646681.0,89.0,14816076.0
106.9,2447973078.0,221822.0,90174192.0,78.0,15274815.0,52698.0,11103476.0,168789459.0,2310840501.0,261.0,228874.0,135.0,158.0,1551217.0,95.0,153863.0
106.4,371886608.0,98009.0,19411516.0,67.0,1904397.0,3035139.0,98505939.0,1454848289.0,269311214.0,162.0,85871.0,230.0,47.0,2772886.0,67.0,8870769.0
105.8,1087938471.0,220515.0,63054597.0,73.0,2050299.0,902163.0,360938850.0,2783442788.0,2111662944.0,132.0,2962.0,1461.0,69.0,3999785.0,58.0,4118983.0
105.5,721002940.0,84161.0,56226278.0,79.0,1343262.0,372100.0,71411756.0,752868970.0,535715103.0,47.0,51158.0,44.0,39.0,1537049.0,64.0,1148958.0
105.2,684204777.0,48370.0,25130304.0,78.0,1617493.0,777100.0,112400175.0,1207597707.0,297822969.0,51.0,4811.0,27.0,22.0,13901598.0,32.0,1567605.0
104.4,31612906.0,3887.0,106475497.0,76.0,171470.0,535464.0,171691158.0,1051026401.0,480.0,38.0,1638.0,13.0,3.0,153459.0,69.0,336779.0
104.4,706356280.0,166277.0,62975073.0,77.0,1750863.0,32432.0,14181961.0,108461504.0,205280243.0,56.0,72856.0,331.0,13.0,1040628.0,41.0,2363066.0
104.2,1181348550.0,170002.0,34000497.0,62.0,22334292.0,3823774.0,33020704.0,283835852.0,190757316.0,245.0,22143.0,113.0,63.0,559832.0,14.0,10372624.0
102.4,205468104.0,30639.0,39407660.0,69.0,1364492.0,67350.0,33519594.0,503074793.0,1819751244.0,97.0,419595.0,266.0,64.0,1571733.0,62.0,1999859.0
101.4,1042311849.0,154178.0,58833842.0,80.0,2649848.0,2321933.0,467461517.0,3656967030.0,313752369.0,79.0,18211.0,111.0,48.0,636981.0,41.0,3315939.0
101.4,186579651.0,45668.0,6252506.0,62.0,1670867.0,249537.0,11127302.0,117325107.0,533205544.0,43.0,200850.0,717.0,4.0,290227.0,9.0,2561322.0
100.1,665716137.0,97057.0,33252792.0,80.0,2896698.0,2900087.0,216927444.0,2653383273.0,862779648.0,33.0,77764.0,119.0,51.0,27583086.0,60.0,5502998.0
99.8,1262308912.0,234936.0,83890841.0,74.0,2067331.0,865354.0,1031153514.0,8988453878.0,4898615770.0,97.0,116337.0,620.0,40.0,2380981.0,45.0,4350230.0
98.0,1062095453.0,165197.0,75503476.0,72.0,3281325.0,1174669.0,331324816.0,3501946982.0,3618055498.0,156.0,830038.0,2344.0,83.0,2949606.0,46.0,5957065.0
97.6,503574147.0,79679.0,43648353.0,75.0,902237.0,20078.0,8878995.0,134469226.0,476594485.0,94.0,369794.0,678.0,35.0,564291.0,45.0,2334089.0
97.5,1486929795.0,266128.0,52476635.0,76.0,4719266.0,618523.0,58332458.0,523849646.0,34010447.0,147.0,52910.0,581.0,48.0,263627.0,13.0,4911610.0
95.7,3291262413.0,366133.0,98022646.0,84.0,14968547.0,262780.0,52707882.0,375498232.0,218584786.0,341.0,68441.0,148.0,118.0,875683.0,67.0,15648166.0
95.7,2089476497.0,179545.0,89286647.0,78.0,22464625.0,2463600.0,48687438.0,376376728.0,1959373484.0,401.0,237066.0,402.0,161.0,1631997.0,85.0,9657077.0
95.7,777064903.0,213153.0,29437172.0,71.0,5431785.0,1378861.0,181697356.0,1411545704.0,326289844.0,118.0,147120.0,117.0,33.0,263058.0,33.0,4012749.0
94.5,682837690.0,155771.0,28629209.0,80.0,1853827.0,41044.0,23532424.0,185584934.0,201674659.0,56.0,2067.0,48.0,4.0,5523.0,12.0,3246804.0
94.3,347647880.0,106908.0,29964622.0,74.0,405870.0,19100.0,6796886.0,53065653.0,174680696.0,57.0,53527.0,13.0,23.0,327684.0,49.0,861189.0
94.1,1108031580.0,121256.0,44739826.0,77.0,4700638.0,222100.0,106783326.0,940630746.0,719730500.0,104.0,74052.0,113.0,30.0,7198424.0,58.0,1644044.0
93.1,701558859.0,110539.0,46729655.0,74.0,2284142.0,594413.0,173483893.0,1114531877.0,31989285.0,67.0,15726.0,126.0,43.0,1632541.0,44.0,3204314.0
91.4,1070422470.0,294539.0,47391658.0,72.0,7522969.0,1447194.0,119978916.0,1077344517.0,3659504.0,132.0,82158.0,53.0,38.0,316666.0,11.0,4711998.0
90.5,2218531106.0,263801.0,60437070.0,75.0,26301389.0,1295895.0,58018849.0,435340082.0,178579824.0,77.0,21340.0,107.0,45.0,409497.0,17.0,3798652.0
90.5,598006591.0,35842.0,34735524.0,80.0,1480134.0,916093.0,96228889.0,1108602382.0,384774756.0,32.0,26180.0,172.0,25.0,9487462.0,25.0,2336296.0
88.6,775664145.0,213464.0,28998615.0,61.0,8889460.0,2403279.0,506491179.0,4864435271.0,144018344.0,158.0,1644.0,533.0,31.0,74337.0,15.0,6422051.0
88.4,547471596.0,48103.0,22977059.0,77.0,2705714.0,1201620.0,210186679.0,1998080214.0,776229988.0,56.0,23381.0,258.0,22.0,671053.0,58.0,528849.0
87.7,462284590.0,31617.0,36745154.0,84.0,325395.0,911100.0,169601790.0,1947539058.0,184602581.0,41.0,13786.0,721.0,46.0,7896597.0,39.0,1075943.0
86.8,1355971796.0,198992.0,52412236.0,77.0,8156272.0,501905.0,79556873.0,532109309.0,51588391.0,99.0,26259.0,154.0,32.0,958518.0,25.0,2972685.0
86.8,1136504636.0,152157.0,60605828.0,81.0,2307573.0,515601.0,215294962.0,1306972284.0,89389771.0,65.0,8306.0,43.0,25.0,426502.0,15.0,1892741.0
86.6,1528107667.0,170648.0,55710071.0,73.0,16180445.0,2416274.0,61034077.0,595697842.0,1722812433.0,188.0,174095.0,83.0,151.0,643408.0,38.0,23696980.0
86.3,647201484.0,81393.0,46208549.0,74.0,1524559.0,946380.0,131649631.0,1792090770.0,28857204.0,117.0,106591.0,277.0,80.0,4935799.0,65.0,1589528.0
85.8,785016247.0,210669.0,32702397.0,70.0,5578060.0,1826673.0,141952709.0,976662212.0,56134858.0,100.0,41.0,25.0,8.0,33088.0,4.0,3516050.0
85.3,1984802459.0,246374.0,81736432.0,75.0,11063672.0,955053.0,99916455.0,811673866.0,172345162.0,143.0,32009.0,57.0,41.0,337255.0,26.0,5233589.0
84.7,53825007.0,14742.0,9204769.0,59.0,607267.0,88131.0,6358930.0,89022964.0,250252884.0,22.0,343553.0,33.0,7.0,543853.0,34.0,1896814.0
84.6,273023490.0,17900.0,169190514.0,87.0,303426.0,744600.0,187163600.0,2850135008.0,448423212.0,99.0,83189.0,449.0,48.0,1283979.0,130.0,1521087.0
84.6,337858357.0,96709.0,21646810.0,69.0,336819.0,106645.0,21329637.0,192701225.0,235007162.0,89.0,119741.0,162.0,15.0,535329.0,13.0,1383076.0
84.6,390182196.0,36912.0,13688250.0,74.0,1103093.0,1096644.0,84875226.0,1391833232.0,51539597.0,44.0,20963.0,71.0,16.0,2197720.0,38.0,964306.0
84.1,90383224.0,24868.0,4716437.0,45.0,627377.0,16892400.0,462872272.0,4082175492.0,1067.0,20.0,470.0,423.0,6.0,22115.0,3.0,759001.0
83.8,890752779.0,104690.0,38444734.0,79.0,1678946.0,621.0,47472.0,5807175.0,2854434834.0,149.0,849471.0,491.0,65.0,1743336.0,9.0,2488830.0
83.1,911797058.0,80109.0,53928265.0,74.0,4924401.0,1741513.0,267846050.0,3410691967.0,36403252.0,125.0,165243.0,430.0,59.0,3772475.0,83.0,3561445.0
83.0,1020452066.0,169696.0,52678003.0,73.0,4710732.0,796783.0,391999548.0,3320885451.0,3540186470.0,75.0,269792.0,1886.0,30.0,897931.0,42.0,11693340.0
82.6,965865213.0,113676.0,169323128.0,86.0,659870.0,82855.0,29406696.0,275016537.0,315685769.0,148.0,319240.0,577.0,85.0,16767304.0,103.0,3365903.0
82.4,410722289.0,130203.0,16877163.0,68.0,1906835.0,260214.0,93902403.0,1049244970.0,306416991.0,203.0,214958.0,2031.0,30.0,258278.0,94.0,4840000.0
82.1,350584176.0,79228.0,26972646.0,68.0,452857.0,638.0,1056379.0,11627298.0,277256864.0,19.0,1239.0,1452.0,5.0,31145.0,19.0,776386.0
82.1,732652170.0,217189.0,35225322.0,72.0,2184804.0,264300.0,95344150.0,711702658.0,379789269.0,67.0,3965.0,443.0,10.0,74228.0,26.0,2095961.0
82.0,359416593.0,91114.0,29730236.0,64.0,2127918.0,4530098.0,885538360.0,10488403602.0,74794888.0,40.0,169548.0,7064.0,18.0,137293.0,52.0,3310069.0
81.5,406319778.0,42283.0,16439412.0,80.0,368256.0,117408.0,7626726.0,99492470.0,606650627.0,50.0,262596.0,145.0,2.0,2456.0,19.0,1185776.0
80.1,1668741024.0,174052.0,42966784.0,76.0,9554049.0,5371543.0,206785018.0,2733847243.0,2008056455.0,192.0,368635.0,784.0,106.0,1172519.0,44.0,13479680.0
80.1,626010147.0,185422.0,78359363.0,74.0,1277287.0,88909.0,20233025.0,368044894.0,877635000.0,132.0,253244.0,332.0,76.0,1468578.0,44.0,6257313.0
80.0,1606023895.0,225643.0,32822629.0,71.0,15653870.0,6047796.0,914937622.0,8742744684.0,529839674.0,115.0,168415.0,126.0,195.0,454460.0,4.0,12373665.0
79.9,1995511952.0,304456.0,63126296.0,80.0,2699016.0,415050.0,137726738.0,1154403769.0,327.0,285.0,3607.0,321.0,46.0,105227.0,27.0,15776388.0
79.9,1321878145.0,189487.0,51228803.0,78.0,8470860.0,570442.0,358879639.0,2295813182.0,1152917073.0,199.0,82181.0,275.0,51.0,547449.0,50.0,4647622.0
79.8,1746790923.0,204049.0,117171040.0,79.0,13411706.0,2176881.0,17649503.0,137718139.0,276177209.0,356.0,119588.0,81.0,173.0,1609545.0,86.0,13444054.0
79.5,1178076574.0,137559.0,58323638.0,68.0,9851235.0,386741.0,15484682.0,146747450.0,300548195.0,182.0,36105.0,20.0,75.0,1424896.0,63.0,5865011.0
79.5,1885431727.0,241112.0,41330643.0,77.0,24201486.0,275009.0,36219008.0,300772720.0,160456727.0,66.0,16859.0,2.0,41.0,344324.0,15.0,3644968.0
78.3,1191635193.0,255697.0,78272032.0,70.0,4027102.0,777092.0,73955191.0,1435552956.0,462516169.0,362.0,277419.0,484.0,216.0,3941324.0,41.0,9642311.0
78.2,1349427877.0,220002.0,106549747.0,76.0,3884141.0,3646762.0,362781709.0,5118900832.0,49285616.0,357.0,386774.0,894.0,273.0,2339277.0,65.0,16283609.0
77.9,121234000.0,36468.0,76765385.0,42.0,806269.0,118600.0,20204903.0,395342206.0,303381336.0,48.0,90542.0,163.0,51.0,19833933.0,34.0,4890793.0
77.5,2306740926.0,333310.0,91689799.0,80.0,15819333.0,1064662.0,140355034.0,1174129136.0,297672687.0,178.0,9129.0,131.0,67.0,891934.0,30.0,17199384.0
77.3,77212437.0,4083.0,13850203.0,84.0,246884.0,472.0,301528.0,1423956.0,934654.0,52.0,238.0,2.0,12.0,1198375.0,32.0,39163.0
75.6,1439465700.0,169076.0,47204234.0,77.0,7820244.0,880567.0,188771287.0,1383885042.0,947613259.0,238.0,395572.0,776.0,65.0,1097172.0,38.0,5808069.0
74.9,1249760413.0,202465.0,56664631.0,79.0,6139127.0,1107358.0,252070540.0,2436202278.0,257447653.0,186.0,456661.0,1057.0,60.0,1734864.0,39.0,12188959.0
74.4,412845771.0,59749.0,11166198.0,73.0,1522549.0,203904.0,80427947.0,777869891.0,506206031.0,37.0,325922.0,84.0,4.0,2647.0,16.0,1315179.0
73.9,1151629030.0,201783.0,55679157.0,77.0,6111089.0,1448920.0,467181048.0,3401301248.0,244384379.0,164.0,173512.0,1303.0,63.0,488896.0,60.0,6239619.0
73.6,318567928.0,42351.0,29908589.0,69.0,1792729.0,263600.0,102425830.0,797526303.0,511333068.0,43.0,16430.0,17.0,28.0,608263.0,45.0,857885.0
73.5,1615353665.0,219797.0,40289611.0,76.0,1378012.0,329183.0,40216565.0,294545167.0,32.0,37.0,610.0,31.0,25.0,136348.0,2.0,3146346.0
73.2,155390490.0,51032.0,16505336.0,68.0,1021624.0,1871311.0,80258156.0,1043240094.0,42080992.0,99.0,40272.0,339.0,33.0,903393.0,60.0,2290047.0
72.8,2188247133.0,121479.0,201964859.0,88.0,2291619.0,3233521.0,465904062.0,4967025679.0,822448758.0,273.0,913464.0,1264.0,122.0,21554174.0,117.0,3476323.0
72.0,29994527.0,1665.0,25533535.0,57.0,1520092.0,38704.0,1533045.0,5347400.0,35590514.0,12.0,1664.0,12.0,7.0,477416.0,45.0,69265.0
71.7,731933924.0,186835.0,18420557.0,70.0,4951977.0,393517.0,18913500.0,173278256.0,7568168.0,40.0,1919.0,51.0,12.0,37259.0,2.0,1966253.0
71.5,1829733410.0,157465.0,49558504.0,76.0,16916871.0,104685.0,38075232.0,346032878.0,1811140554.0,154.0,41483.0,123.0,107.0,566690.0,28.0,12259073.0
71.0,1752826514.0,352833.0,87651528.0,74.0,22532779.0,312945.0,551329120.0,4679645090.0,490308209.0,202.0,301048.0,474.0,115.0,967797.0,71.0,37339828.0
70.6,858059276.0,181654.0,27803039.0,70.0,3626173.0,732132.0,48817948.0,417831392.0,25717036.0,46.0,31276.0,73.0,16.0,326481.0,15.0,2592470.0
70.4,891578597.0,134151.0,56220971.0,82.0,612540.0,428919.0,61522352.0,536850823.0,545454569.0,78.0,8.0,86.0,37.0,4894376.0,69.0,1548284.0
69.7,811700245.0,195603.0,31185690.0,77.0,1450642.0,321061.0,90460360.0,752325431.0,214637799.0,39.0,5018.0,232.0,18.0,217873.0,8.0,925014.0
69.6,1615152539.0,377159.0,51251842.0,76.0,7755679.0,111904.0,56162755.0,430258743.0,5477326.0,271.0,52893.0,137.0,69.0,241966.0,86.0,12370090.0
69.3,644437397.0,64367.0,18795673.0,79.0,814824.0,128357.0,28267176.0,327463451.0,437506457.0,49.0,340292.0,301.0,7.0,100845.0,29.0,899954.0
68.7,1318254846.0,159832.0,44868247.0,71.0,8633372.0,535956.0,20456871.0,244589825.0,518407208.0,163.0,104438.0,100.0,94.0,1189554.0,66.0,6952792.0
68.7,907346612.0,200091.0,36757073.0,69.0,3400085.0,145147.0,27666027.0,245290801.0,39893642.0,91.0,644.0,34.0,15.0,102131.0,7.0,5562800.0
67.9,912461674.0,160875.0,50549340.0,70.0,2666083.0,7407429.0,285084510.0,3076620938.0,19649172.0,210.0,270224.0,389.0,124.0,834608.0,50.0,8738165.0
67.8,1442703001.0,201082.0,35338608.0,78.0,7439249.0,699601.0,36684132.0,325870631.0,1874799.0,15.0,4.0,4.0,5.0,2958.0,6.0,4703306.0
66.8,922761340.0,176497.0,26466335.0,74.0,5223780.0,5114497.0,684428445.0,5254571599.0,110233854.0,99.0,6060.0,48.0,42.0,178187.0,3.0,4594225.0
65.7,717226454.0,73851.0,11500647.0,79.0,2296639.0,55649.0,7599044.0,86145458.0,350781335.0,41.0,391795.0,273.0,3.0,5348.0,7.0,2061209.0
65.7,443564590.0,80121.0,43604917.0,64.0,1753026.0,247082.0,93051722.0,1231848412.0,4088928383.0,210.0,436049.0,1089.0,73.0,1986611.0,115.0,2682867.0
65.3,241632869.0,58384.0,11312967.0,67.0,1646854.0,2843662.0,390407298.0,3549690741.0,106620435.0,38.0,211697.0,550.0,7.0,462675.0,36.0,2325531.0
64.7,559759920.0,159492.0,30567448.0,67.0,2026532.0,763500.0,263361535.0,2410691959.0,190621640.0,102.0,3271.0,750.0,27.0,359622.0,45.0,2092908.0
64.3,395167576.0,135307.0,21175776.0,71.0,803990.0,31391.0,6266752.0,66661123.0,325170705.0,31.0,1129.0,135.0,6.0,83735.0,4.0,1076988.0
64.2,226519256.0,43558.0,87204848.0,75.0,504978.0,1946.0,80070.0,2439093.0,524372800.0,89.0,133567.0,35.0,98.0,1777050.0,31.0,2178835.0
63.7,1736530084.0,174867.0,50426363.0,73.0,4489619.0,133341.0,12574029.0,116720227.0,698890380.0,173.0,315236.0,198.0,51.0,518961.0,51.0,8681998.0
63.3,337650898.0,44292.0,44021764.0,75.0,862952.0,241103.0,34797656.0,505139679.0,186376381.0,59.0,66673.0,67.0,47.0,2145616.0,65.0,1434689.0
63.1,119798692.0,16874.0,43909927.0,65.0,673949.0,52478.0,14376748.0,138101105.0,286698611.0,55.0,306628.0,382.0,39.0,8198464.0,78.0,1507722.0
63.1,901486450.0,157381.0,25837638.0,71.0,4349040.0,491431.0,53221207.0,482804184.0,19920776.0,30.0,22361.0,23.0,36.0,101369.0,15.0,1303125.0
62.5,1128612961.0,184002.0,50489973.0,69.0,3364098.0,564408.0,46664008.0,602190373.0,67356913.0,267.0,402599.0,112.0,133.0,2501793.0,33.0,15373934.0
61.9,725214939.0,107667.0,48040727.0,74.0,2396003.0,626129.0,233812388.0,2046007902.0,2723304479.0,48.0,98191.0,47.0,19.0,576576.0,14.0,3629083.0
61.9,469322271.0,68997.0,24096906.0,73.0,981474.0,50996.0,44266733.0,419727783.0,61197280.0,64.0,278696.0,1150.0,26.0,787665.0,43.0,1516065.0
61.6,1780889877.0,229909.0,75001452.0,79.0,10766000.0,284554.0,89244170.0,742902070.0,288311308.0,121.0,3403.0,4.0,62.0,333884.0,29.0,8331752.0
61.1,513353284.0,73253.0,71366345.0,80.0,1419414.0,42282.0,19858700.0,152008937.0,225040.0,70.0,30184.0,20.0,39.0,830621.0,41.0,3754332.0
60.6,470340261.0,68177.0,14091711.0,75.0,623104.0,72219.0,39713127.0,395041727.0,513736581.0,45.0,321811.0,106.0,7.0,141841.0,25.0,1452588.0
60.5,675591495.0,53019.0,18823180.0,75.0,3652203.0,566750.0,299538483.0,2441354214.0,228437645.0,43.0,13660.0,25.0,10.0,209526.0,45.0,702234.0
60.4,1452194416.0,164935.0,69180262.0,75.0,13819002.0,3910130.0,133502443.0,1030123230.0,362287135.0,154.0,25846.0,146.0,96.0,1089039.0,33.0,8395318.0
60.4,198043685.0,11991.0,12559068.0,78.0,2922155.0,43265.0,64109374.0,442468610.0,1241723341.0,26.0,2805.0,7.0,6.0,573116.0,24.0,261344.0
59.9,459712644.0,86820.0,35269550.0,69.0,1422757.0,189900.0,92382361.0,749847975.0,553126618.0,57.0,206210.0,428.0,21.0,85862.0,22.0,2330861.0
59.4,1943842010.0,221874.0,62851374.0,75.0,5232880.0,11253946.0,269640001.0,4682512450.0,23770197.0,103.0,107625.0,4.0,107.0,1092635.0,49.0,26821494.0
59.3,355203657.0,146218.0,60783514.0,74.0,381567.0,201874.0,142211766.0,1767047572.0,746547494.0,112.0,113950.0,369.0,55.0,1570302.0,35.0,3424307.0
59.2,1265080733.0,198773.0,30644248.0,70.0,5539172.0,333375.0,80730443.0,579006925.0,297754199.0,120.0,766.0,182.0,29.0,652935.0,13.0,9785960.0
59.1,1157206056.0,189404.0,63215005.0,75.0,1488878.0,1833826.0,426830431.0,3272868374.0,29873.0,191.0,209890.0,255.0,58.0,1276396.0,43.0,6963195.0
58.9,548724288.0,170892.0,80727459.0,79.0,1539359.0,28794.0,90067000.0,813374956.0,476994273.0,53.0,1046.0,538.0,28.0,2732487.0,48.0,5341857.0
58.8,1228556153.0,154255.0,36941962.0,75.0,10953316.0,1207638.0,29172920.0,396994100.0,186180888.0,72.0,157544.0,175.0,45.0,494642.0,67.0,10463981.0
58.3,363816146.0,16161.0,16393454.0,80.0,768324.0,64160.0,13838072.0,114779266.0,1011182862.0,24.0,843.0,32.0,13.0,6958217.0,22.0,711146.0
58.3,1056939084.0,154003.0,62848076.0,75.0,8269225.0,1629600.0,573666785.0,3347862526.0,458124201.0,155.0,3474.0,57.0,39.0,318451.0,17.0,6716450.0
58.2,157446814.0,54118.0,15660760.0,64.0,962140.0,44041.0,22685975.0,142468312.0,339341865.0,31.0,95078.0,145.0,16.0,1339752.0,20.0,1447731.0
58.1,248749251.0,103369.0,11693843.0,61.0,2874323.0,162900.0,33365117.0,142448123.0,208914276.0,44.0,6912.0,178.0,8.0,40089.0,17.0,856723.0
57.8,245513981.0,37111.0,22160670.0,71.0,1375852.0,7175.0,7047257.0,76397270.0,638266470.0,66.0,215278.0,97.0,25.0,2306379.0,32.0,2064588.0
57.5,155443055.0,28835.0,15122339.0,68.0,291339.0,38400.0,3484143.0,47123023.0,387057207.0,29.0,156870.0,13.0,5.0,93564.0,48.0,753888.0
57.0,699336080.0,126934.0,20887762.0,68.0,3159553.0,19574.0,3018147.0,42692526.0,217788137.0,177.0,578728.0,13.0,32.0,935466.0,22.0,5747453.0
56.9,1030515485.0,157003.0,35028641.0,70.0,5861900.0,794152.0,55950941.0,451934036.0,355440823.0,185.0,215.0,7.0,38.0,513679.0,55.0,8062187.0
56.3,1592440653.0,188349.0,52573571.0,77.0,6101966.0,1101293.0,107580637.0,807230686.0,243663431.0,142.0,29628.0,218.0,66.0,494840.0,51.0,8572710.0
56.2,1532653504.0,191817.0,85380382.0,76.0,15452150.0,241402.0,80177249.0,500970525.0,1650960443.0,147.0,42284.0,38.0,95.0,2122787.0,67.0,18327076.0
56.0,175336290.0,8386.0,79812251.0,80.0,1448800.0,225.0,397044.0,3842071.0,297433202.0,46.0,4569.0,18.0,18.0,1000937.0,52.0,209987.0
55.6,1263989128.0,156671.0,25905453.0,72.0,8115938.0,35383.0,8434416.0,78005488.0,508823655.0,128.0,117516.0,394.0,166.0,396114.0,25.0,5216769.0
55.6,1369299352.0,169370.0,32275029.0,71.0,5138837.0,80456.0,17516516.0,77860109.0,170885369.0,188.0,50322.0,119.0,63.0,235041.0,53.0,4283369.0
55.4,279667395.0,23583.0,16220736.0,78.0,1139367.0,316771.0,152082704.0,1178951518.0,1201238468.0,29.0,4596.0,79.0,11.0,313525.0,28.0,435036.0
54.9,193109326.0,76047.0,4765141.0,8.0,1143541.0,238183.0,174951046.0,1526856459.0,210031126.0,17.0,40110.0,2704.0,4.0,479325.0,1.0,2304354.0
54.7,66101468.0,3693.0,9878576.0,84.0,117031.0,180.0,1800000.0,11200000.0,934654.0,45.0,195.0,16.0,5.0,56919.0,9.0,52008.0
54.7,593554969.0,84288.0,17284885.0,67.0,3909648.0,506518.0,475880505.0,4729678365.0,3277338062.0,98.0,201936.0,866.0,30.0,685471.0,48.0,2231820.0
54.7,368017246.0,105732.0,15129396.0,67.0,1554044.0,163221.0,22024839.0,198936453.0,37367982.0,57.0,178634.0,372.0,9.0,32400.0,6.0,1728476.0
54.0,444934033.0,141088.0,17349295.0,66.0,2868681.0,191154.0,26909802.0,238372502.0,7285479.0,63.0,65318.0,37.0,14.0,145275.0,6.0,1925871.0
54.0,1105805922.0,164541.0,62561721.0,77.0,2947859.0,534634.0,157378144.0,920329965.0,42909616.0,231.0,62354.0,266.0,52.0,281696.0,54.0,2548829.0
53.5,391856304.0,68311.0,11888692.0,58.0,8443453.0,2490398.0,109826716.0,1423789944.0,329599890.0,73.0,23516.0,309.0,17.0,58326.0,36.0,1570803.0
53.1,274647899.0,96137.0,14188085.0,60.0,776716.0,1905324.0,583572613.0,7062611890.0,2031792442.0,22.0,161374.0,2397.0,16.0,56440.0,8.0,3786029.0
52.9,246224964.0,23436.0,13507680.0,73.0,492303.0,559400.0,20923219.0,278318607.0,37990067.0,22.0,1401.0,1.0,1.0,72.0,2.0,585523.0
52.8,2270796677.0,263640.0,71470111.0,80.0,12375429.0,261866.0,25465591.0,296361891.0,273191644.0,70.0,144439.0,465.0,88.0,2680196.0,29.0,18161724.0
52.6,356685934.0,88034.0,16963292.0,71.0,430375.0,76706.0,32337952.0,229937284.0,258434.0,37.0,412.0,93.0,3.0,171037.0,37.0,1574072.0
52.6,368256958.0,53922.0,25450036.0,73.0,1394619.0,224617.0,128900059.0,772554264.0,9780.0,27.0,8642.0,319.0,13.0,766548.0,89.0,1011059.0
52.6,1747534539.0,212829.0,101243254.0,76.0,8927108.0,552005.0,26588465.0,264572676.0,238111307.0,433.0,158190.0,474.0,149.0,1452991.0,97.0,14056461.0
52.6,436722440.0,107912.0,33797077.0,62.0,7130332.0,652850.0,62596716.0,927660445.0,222701064.0,57.0,5186.0,258.0,37.0,157088.0,5.0,6761782.0
51.7,253114498.0,111173.0,20965015.0,65.0,402014.0,188128.0,77604432.0,887138394.0,49818215.0,57.0,67376.0,768.0,14.0,191109.0,28.0,2091080.0
51.7,711861577.0,84611.0,28656289.0,69.0,4586141.0,611826.0,17295595.0,185706534.0,136934639.0,133.0,12356.0,18.0,25.0,360047.0,28.0,1522049.0
51.4,1527159800.0,187813.0,83108168.0,76.0,8766754.0,194595.0,27581217.0,216666194.0,189783592.0,172.0,31081.0,185.0,47.0,604640.0,26.0,6513209.0
51.0,242254880.0,85783.0,13563028.0,66.0,2892075.0,280027.0,66345848.0,617402549.0,82045151.0,216.0,404288.0,561.0,21.0,229656.0,42.0,4536227.0
50.9,1269760706.0,137601.0,32384233.0,76.0,4676578.0,1213771.0,33512447.0,573562180.0,1951219741.0,88.0,66461.0,4.0,55.0,606748.0,27.0,9755956.0
50.7,340227841.0,40523.0,6267614.0,73.0,667467.0,16626.0,4371872.0,28018314.0,196339404.0,18.0,263301.0,32.0,1.0,71.0,13.0,857184.0
50.7,443093379.0,35995.0,21160001.0,72.0,1690512.0,625126.0,42735677.0,600184949.0,11558006.0,58.0,52189.0,125.0,26.0,2263487.0,36.0,1174788.0
50.5,769061748.0,136145.0,21910460.0,73.0,2397744.0,202814.0,33604598.0,250645860.0,39277808.0,49.0,91002.0,329.0,17.0,25856.0,15.0,6255853.0
50.0,652559944.0,170734.0,17463888.0,74.0,2195610.0,13434.0,7576223.0,62837382.0,7241389.0,21.0,36.0,1.0,8.0,35919.0,6.0,1456448.0
49.9,142512477.0,23828.0,9380794.0,72.0,436896.0,100195.0,10946988.0,109014578.0,727842762.0,14.0,202432.0,7.0,4.0,177002.0,18.0,549127.0
49.6,150073848.0,12340.0,8409772.0,71.0,1637844.0,70200.0,8387797.0,169068391.0,185360520.0,17.0,455.0,4.0,1.0,9696.0,20.0,270472.0
49.6,641756842.0,80542.0,23090494.0,68.0,2887216.0,328394.0,77295943.0,855230861.0,387792262.0,78.0,438.0,875.0,40.0,686168.0,85.0,2934783.0
49.4,84655991.0,13107.0,7678884.0,69.0,510479.0,1513241.0,16795588.0,382487197.0,72422815.0,36.0,11861.0,89.0,6.0,164069.0,26.0,2361169.0
49.3,1456894713.0,141677.0,49274720.0,71.0,9966382.0,707674.0,33256295.0,386013926.0,1419194972.0,173.0,84752.0,17.0,82.0,706468.0,41.0,9434537.0
49.2,759388276.0,68502.0,18835572.0,65.0,8161642.0,609042.0,40357374.0,543804719.0,306014364.0,40.0,159.0,15.0,43.0,358784.0,21.0,1317266.0
49.2,456871037.0,71261.0,34724014.0,66.0,1393679.0,877769.0,211488170.0,1676387442.0,85726782.0,105.0,136784.0,1324.0,29.0,699151.0,19.0,1854776.0
49.2,995452298.0,188608.0,44047615.0,65.0,4586152.0,742947.0,75493341.0,1282810923.0,34091844.0,255.0,171176.0,196.0,166.0,2039570.0,43.0,14464887.0
49.0,582023797.0,48881.0,17367502.0,70.0,1383526.0,1100596.0,64787440.0,805988782.0,40039.0,26.0,18750.0,222.0,6.0,53465.0,16.0,1946266.0
48.9,721002104.0,146298.0,62920572.0,71.0,952700.0,25400.0,5772644.0,81735548.0,153714110.0,201.0,361427.0,220.0,115.0,2519598.0,27.0,7799522.0
48.8,2525355904.0,208671.0,121163411.0,77.0,9916244.0,1459274.0,502385405.0,4406781129.0,1706776803.0,249.0,89818.0,80.0,234.0,603824.0,54.0,17163765.0
48.2,218431985.0,56998.0,7122424.0,61.0,3901948.0,3595260.0,338445934.0,4731467896.0,11491467.0,24.0,20192.0,98.0,10.0,193061.0,14.0,6024636.0
47.9,880781313.0,137341.0,29154307.0,72.0,3689786.0,28508.0,3880481.0,33981823.0,5946423.0,21.0,835.0,113.0,10.0,71637.0,2.0,934193.0
47.9,741766886.0,96241.0,16599790.0,62.0,10294151.0,334492.0,59073681.0,493209730.0,229239236.0,68.0,46553.0,504.0,22.0,405827.0,18.0,2409985.0
47.7,599215039.0,57051.0,16707832.0,61.0,5130805.0,2265527.0,71390703.0,779241131.0,38462285.0,111.0,26349.0,168.0,25.0,244418.0,33.0,1362793.0
47.5,155648648.0,28131.0,46683719.0,82.0,286628.0,44222.0,881868.0,7609548.0,105397484.0,20.0,23720.0,203.0,1.0,1924.0,10.0,479173.0
47.1,234215735.0,20419.0,7910753.0,74.0,1734442.0,98128.0,38199952.0,297802502.0,537474239.0,24.0,2619.0,21.0,2.0,18940.0,4.0,248138.0
47.0,1749353402.0,182732.0,81424354.0,72.0,2156754.0,191718.0,48497239.0,379547638.0,2742.0,148.0,153400.0,53.0,47.0,238867.0,26.0,12744176.0
47.0,164137928.0,47324.0,4827888.0,58.0,9098356.0,3568275.0,609856643.0,8443743856.0,8067537.0,43.0,20053.0,26.0,3.0,1874.0,3.0,6489242.0
46.8,861100951.0,153435.0,41139591.0,74.0,848696.0,35151.0,18345722.0,184453448.0,2623975.0,122.0,245294.0,305.0,64.0,3075152.0,47.0,5566537.0
46.1,233139871.0,77694.0,13955396.0,63.0,2824144.0,98082.0,15980144.0,111422826.0,42967196.0,53.0,194040.0,57.0,5.0,638.0,5.0,523078.0
46.0,310562790.0,33458.0,54918981.0,79.0,482647.0,148600.0,42427834.0,372688472.0,784575181.0,55.0,8643.0,50.0,42.0,3054645.0,43.0,841414.0
45.9,561645790.0,58561.0,39587642.0,82.0,867545.0,61070.0,32412474.0,220878489.0,325461284.0,64.0,61047.0,293.0,40.0,235219.0,23.0,1208187.0
45.8,600073400.0,73593.0,22371448.0,71.0,975795.0,181760.0,42088473.0,450971538.0,1034742.0,24.0,15719.0,50.0,13.0,194411.0,29.0,529802.0
45.1,1110994645.0,186456.0,41273853.0,74.0,1388832.0,38775.0,25188899.0,194904663.0,38496063.0,85.0,67860.0,186.0,16.0,35032.0,44.0,3561319.0
45.0,547207250.0,103666.0,30719577.0,65.0,11897425.0,962796.0,124466320.0,1943093911.0,194386199.0,135.0,23064.0,113.0,53.0,264794.0,55.0,14799660.0
44.8,392745531.0,141221.0,21996686.0,67.0,1246093.0,44979.0,17567842.0,137477748.0,54251921.0,21.0,1558.0,3.0,8.0,131260.0,2.0,1432080.0
44.8,1222228366.0,109325.0,48327775.0,72.0,10176233.0,210846.0,55268559.0,519924812.0,832957854.0,174.0,220765.0,169.0,66.0,1080455.0,84.0,3669533.0
44.8,340112388.0,66487.0,6617103.0,60.0,3313053.0,576099.0,18279931.0,132694197.0,41301726.0,28.0,11151.0,32.0,5.0,7457.0,2.0,1660493.0
44.8,86327319.0,18112.0,2247123.0,51.0,457580.0,179400.0,15991452.0,137960911.0,377095739.0,18.0,100880.0,1989.0,8.0,929184.0,10.0,567245.0
44.7,300430813.0,50552.0,12812123.0,69.0,844925.0,1664351.0,248347598.0,3375488113.0,2854520083.0,51.0,182474.0,46.0,29.0,1067030.0,27.0,2071865.0
44.5,812954133.0,137681.0,53947304.0,81.0,851906.0,564129.0,71837599.0,797041217.0,504465645.0,147.0,78013.0,7.0,43.0,1369406.0,47.0,6377668.0
44.5,129427492.0,44672.0,48826452.0,71.0,80021.0,29740.0,8528307.0,135983684.0,82845102.0,69.0,43488.0,3.0,34.0,206415.0,46.0,663446.0
44.4,822696809.0,141261.0,26970098.0,68.0,5432716.0,806169.0,35719393.0,404031807.0,532691572.0,184.0,98937.0,124.0,117.0,1507919.0,27.0,6782620.0
44.2,1828026153.0,249663.0,71678167.0,78.0,7080472.0,93015.0,49072987.0,397860038.0,1568063711.0,58.0,83578.0,135.0,112.0,258125.0,28.0,11327684.0
44.1,128024416.0,20826.0,60798732.0,7.0,139320.0,3966.0,507857.0,8090936.0,1176532287.0,73.0,129069.0,77.0,82.0,4576277.0,48.0,934544.0
43.9,1291244134.0,241882.0,48328259.0,29.0,6989481.0,976742.0,252216973.0,1853292133.0,140688974.0,39.0,1059.0,116.0,6.0,14150.0,3.0,1785813.0
43.7,225556005.0,25164.0,10017767.0,73.0,111346.0,73524.0,5688685.0,56949752.0,243552012.0,28.0,154327.0,117.0,2.0,644.0,17.0,594487.0
43.7,144889291.0,63045.0,7698742.0,59.0,844144.0,96486.0,68284710.0,515213856.0,65793712.0,31.0,131447.0,726.0,3.0,245510.0,13.0,1047166.0
43.6,218661601.0,25714.0,8048259.0,57.0,1354818.0,1961387.0,191009331.0,2353588008.0,324051.0,8.0,13477.0,600.0,3.0,154370.0,24.0,873692.0
43.3,1358424406.0,123735.0,33188573.0,71.0,8736302.0,961584.0,29990673.0,253791542.0,360395375.0,116.0,104652.0,14.0,53.0,382928.0,33.0,7290982.0
43.2,1422563654.0,129568.0,38951634.0,71.0,9930759.0,4732710.0,104484107.0,736544909.0,461321746.0,138.0,171774.0,288.0,39.0,217966.0,26.0,113684.0
43.2,318018082.0,41062.0,14552186.0,65.0,3471774.0,103897.0,128850291.0,1100134488.0,67010140.0,35.0,2041.0,155.0,1.0,10044.0,18.0,466130.0
43.1,962546385.0,198786.0,34308753.0,76.0,4025958.0,55093.0,46126757.0,247993418.0,14944702.0,106.0,1834.0,1.0,52.0,709963.0,38.0,1242490.0
42.9,703865912.0,78873.0,23552368.0,68.0,5473016.0,1434048.0,288727576.0,2298790080.0,262934830.0,74.0,243345.0,170.0,41.0,101125.0,21.0,3703911.0
42.9,401066217.0,70661.0,51920160.0,69.0,657641.0,420.0,8253.0,172191.0,2605082758.0,79.0,196397.0,2585.0,51.0,1008113.0,59.0,2292241.0
42.7,315014005.0,61987.0,22567278.0,71.0,661614.0,129260.0,51356427.0,366123920.0,57858388.0,27.0,101865.0,21.0,3.0,28284.0,23.0,1112722.0
42.7,2097181065.0,286668.0,123211490.0,84.0,8866507.0,451668.0,239330349.0,1722597041.0,7770380.0,78.0,11224.0,43.0,49.0,1101868.0,44.0,8832956.0
42.7,347558532.0,68744.0,34228107.0,67.0,705558.0,99164.0,14984269.0,323188246.0,6739337.0,18.0,18093.0,9.0,19.0,264043.0,27.0,687719.0
42.7,242057987.0,77898.0,8717113.0,67.0,457747.0,46710.0,13919189.0,109453452.0,92497.0,10.0,127.0,7.0,1.0,4435.0,11.0,999699.0
42.6,1118459427.0,175188.0,51548109.0,71.0,3134200.0,1703073.0,223929731.0,2167216619.0,2107447.0,147.0,242.0,107.0,28.0,228758.0,30.0,4021390.0
42.5,416388749.0,112485.0,21170575.0,69.0,1631776.0,248954.0,151447909.0,940333420.0,7278941.0,27.0,9098.0,125.0,11.0,24022.0,11.0,1046790.0
42.3,663578551.0,76919.0,24789585.0,67.0,4714790.0,264337.0,14860378.0,121300058.0,48140480.0,60.0,18961.0,53.0,23.0,251089.0,36.0,1795507.0
42.2,336943720.0,191372.0,29642267.0,71.0,286044.0,31989.0,11683008.0,155341425.0,6032497.0,91.0,61528.0,27.0,38.0,184585.0,27.0,5947514.0
42.2,262185115.0,47288.0,6430525.0,71.0,606455.0,47803.0,14280562.0,149251921.0,378953464.0,25.0,187078.0,123.0,3.0,95430.0,23.0,1389636.0
42.0,129335327.0,27681.0,6391085.0,60.0,1548240.0,2800000.0,211713881.0,2692316483.0,2785686.0,10.0,15812.0,62.0,13.0,79203.0,2.0,914770.0
42.0,939627795.0,67381.0,127728248.0,87.0,3979062.0,47277.0,42074581.0,265186570.0,596597973.0,61.0,26883.0,216.0,65.0,10250543.0,23.0,4254554.0
42.0,1020435750.0,157944.0,42123948.0,69.0,3250046.0,4868621.0,2193688729.0,21650351404.0,20366285.0,70.0,2225.0,95.0,51.0,819864.0,13.0,7130025.0
41.9,269669185.0,44019.0,21429823.0,67.0,608532.0,581320.0,71546908.0,531883271.0,310252051.0,43.0,10042.0,444.0,23.0,268315.0,11.0,1595888.0
41.6,150463218.0,44298.0,37322737.0,67.0,289311.0,98700.0,19724036.0,275361521.0,109250442.0,55.0,55943.0,250.0,27.0,1088411.0,17.0,1009861.0
41.6,1599742798.0,137106.0,54447816.0,74.0,14654354.0,52164.0,21325500.0,155713369.0,542692288.0,272.0,83466.0,246.0,102.0,802236.0,50.0,6038700.0
41.5,572602278.0,80064.0,39873526.0,76.0,1469402.0,11434.0,17523049.0,104843270.0,2139270640.0,53.0,5214.0,33.0,33.0,1444349.0,14.0,1521109.0
41.5,654941874.0,83163.0,29637614.0,75.0,2672779.0,97077.0,17542951.0,187609192.0,19169168.0,65.0,26498.0,15.0,34.0,347762.0,22.0,2646335.0
41.3,777305444.0,47435.0,45285568.0,75.0,1779726.0,219236.0,112157506.0,937766809.0,547684661.0,63.0,31306.0,405.0,18.0,2515239.0,45.0,1124725.0
41.3,107754524.0,16004.0,19123002.0,66.0,74756.0,52374.0,6216569.0,53554260.0,606141627.0,25.0,137184.0,6.0,4.0,89113.0,19.0,332849.0
41.2,581220786.0,115125.0,20776088.0,65.0,2841760.0,80.0,4912.0,98210.0,1771108.0,94.0,1992.0,17.0,16.0,78389.0,19.0,1739069.0
41.1,1625307365.0,288559.0,72837714.0,77.0,2747230.0,185316.0,144066647.0,907498533.0,2327344.0,241.0,26825.0,51.0,76.0,401696.0,28.0,5160420.0
41.1,1662288901.0,129306.0,54219735.0,75.0,9224750.0,171618.0,1982231.0,6028763.0,508689201.0,130.0,33652.0,22.0,72.0,721612.0,29.0,11706559.0
41.1,706158416.0,87667.0,24084151.0,65.0,7360323.0,1069767.0,28595817.0,233419445.0,348204812.0,76.0,67073.0,69.0,57.0,239183.0,39.0,7039145.0
41.1,128855739.0,26723.0,26216067.0,65.0,246939.0,599910.0,159054107.0,1598512701.0,283635839.0,14.0,1318.0,1893.0,3.0,909981.0,14.0,2066168.0
40.7,253540951.0,82934.0,17735363.0,67.0,368326.0,144311.0,72901216.0,494336128.0,24050.0,17.0,1.0,25.0,2.0,136913.0,18.0,508529.0
40.6,215466975.0,44476.0,12164093.0,62.0,455224.0,21208.0,3567265.0,65897455.0,15043035.0,44.0,140425.0,1410.0,22.0,107491.0,11.0,982555.0
40.1,266560481.0,31680.0,27441895.0,81.0,139755.0,47800.0,8320521.0,103569548.0,613036800.0,26.0,31216.0,24.0,15.0,7631939.0,48.0,357979.0
40.0,169074195.0,77071.0,7941140.0,59.0,904837.0,79231.0,28448143.0,214484764.0,425940516.0,27.0,68575.0,96.0,8.0,443521.0,9.0,1161965.0
40.0,551115166.0,57721.0,18005001.0,66.0,5769300.0,111892.0,49656709.0,392249223.0,197196114.0,66.0,1063.0,343.0,6.0,87438.0,18.0,884422.0
39.8,1232502989.0,163195.0,59733007.0,73.0,2670057.0,66399.0,21267910.0,198680803.0,1928028.0,195.0,202396.0,356.0,128.0,549211.0,74.0,16239587.0
39.8,111124873.0,35929.0,7199181.0,65.0,789321.0,266204.0,24751762.0,291086000.0,38712452.0,64.0,9139.0,34.0,19.0,658689.0,20.0,2072597.0
39.8,1162659862.0,180669.0,44962652.0,76.0,10775520.0,1238811.0,118826179.0,1580838186.0,537164148.0,86.0,43960.0,15.0,58.0,333855.0,18.0,13852674.0
39.6,327011836.0,76622.0,17496536.0,62.0,1210310.0,40813.0,17826536.0,258017332.0,3152743343.0,38.0,117371.0,718.0,10.0,159166.0,42.0,1443587.0
39.5,510302007.0,74416.0,19414789.0,66.0,4568451.0,2547877.0,236793401.0,1918118365.0,36132882.0,69.0,225.0,89.0,22.0,84411.0,11.0,3413408.0
39.5,457848626.0,81641.0,24075887.0,66.0,2528574.0,1084078.0,222895441.0,1783816089.0,247920172.0,52.0,180385.0,24.0,32.0,450565.0,13.0,6554675.0
39.4,363300065.0,74276.0,30821017.0,71.0,1109516.0,119854.0,41196230.0,352701529.0,6842555.0,36.0,20078.0,30.0,6.0,275763.0,13.0,601440.0
38.8,729825680.0,155380.0,26351002.0,62.0,2353107.0,33462.0,5970654.0,63035109.0,222320277.0,90.0,65842.0,101.0,37.0,721934.0,26.0,2792929.0
38.6,551035247.0,58065.0,19199798.0,70.0,7563367.0,419566.0,38208611.0,244717002.0,459597096.0,42.0,51761.0,33.0,35.0,348557.0,13.0,2677590.0
38.4,1610423351.0,283537.0,75314202.0,84.0,4492100.0,265876.0,153478678.0,832654007.0,21871961.0,99.0,5055.0,180.0,57.0,714087.0,32.0,3197618.0
38.4,784096553.0,80071.0,22684253.0,77.0,4295929.0,78500.0,8119129.0,98951834.0,153169651.0,31.0,7211.0,26.0,8.0,63513.0,11.0,1503816.0
38.3,245406516.0,75951.0,9524862.0,60.0,636003.0,40000.0,11956224.0,85005540.0,285531054.0,12.0,4801.0,80.0,8.0,48742.0,3.0,358116.0
38.2,159051363.0,31456.0,22058380.0,62.0,374415.0,322832.0,13209435.0,214685378.0,8110915.0,62.0,181938.0,140.0,26.0,289676.0,14.0,1293372.0
38.1,1145402792.0,134427.0,81562006.0,69.0,756954.0,775324.0,147160931.0,947802755.0,68389.0,179.0,131938.0,290.0,72.0,482672.0,35.0,3815615.0
38.0,975754682.0,137196.0,28066964.0,73.0,2542926.0,52181.0,30592047.0,210080661.0,217215456.0,99.0,105042.0,155.0,36.0,287898.0,25.0,2433408.0
38.0,1034272727.0,201381.0,54919566.0,77.0,4584548.0,2469242.0,313991722.0,2226783393.0,9309862.0,37.0,1675.0,51.0,24.0,270287.0,50.0,2050181.0
38.0,389547230.0,65208.0,36265310.0,70.0,293996.0,20557.0,6446277.0,124607839.0,2459024747.0,114.0,268879.0,255.0,59.0,1434573.0,51.0,3930598.0
37.9,108133711.0,34390.0,4480387.0,18.0,619448.0,1000047.0,13992725.0,173486714.0,9267087.0,35.0,6133.0,22.0,12.0,585409.0,19.0,2409680.0
37.9,253177498.0,83779.0,16621189.0,66.0,913062.0,141579.0,62240027.0,612598555.0,99651539.0,40.0,2011.0,826.0,10.0,190743.0,23.0,1006549.0
37.9,1184571362.0,180715.0,48698123.0,75.0,7984888.0,200505.0,28001951.0,254037168.0,42185831.0,71.0,54050.0,205.0,46.0,163430.0,42.0,5556481.0
37.8,96289114.0,24566.0,8733511.0,67.0,296191.0,522400.0,159504238.0,1094402576.0,102011912.0,21.0,6030.0,884.0,2.0,11894.0,34.0,614711.0
37.8,828103564.0,83834.0,17064586.0,77.0,2844786.0,276496.0,13757610.0,122040522.0,547486841.0,54.0,32.0,33.0,12.0,8375.0,14.0,1837804.0
37.7,874864898.0,78015.0,21590960.0,66.0,1528388.0,252414.0,1148124.0,12493072.0,384943254.0,103.0,183258.0,444.0,14.0,13156.0,42.0,3691205.0
37.7,1362614026.0,183645.0,51977530.0,79.0,2252308.0,619185.0,116244737.0,854742783.0,35115195.0,198.0,30988.0,112.0,56.0,606036.0,91.0,4584343.0
37.7,815946405.0,94852.0,36133465.0,67.0,12459776.0,494040.0,92873241.0,1277991912.0,1771709356.0,163.0,38592.0,223.0,59.0,627425.0,9.0,15861007.0
37.5,81319633.0,7972.0,12644546.0,6.0,433853.0,56285.0,12876515.0,177288152.0,721505570.0,10.0,19380.0,5.0,17.0,797711.0,25.0,271450.0
37.5,477620800.0,108333.0,12027452.0,72.0,5261064.0,291778.0,338814084.0,2841508008.0,1169610385.0,21.0,12776.0,805.0,10.0,629635.0,2.0,2230806.0
37.5,1065375074.0,164650.0,60511467.0,67.0,9202767.0,1219259.0,73578788.0,686049802.0,537338959.0,218.0,238231.0,273.0,94.0,1066131.0,96.0,8932134.0
37.5,127223430.0,24922.0,3869411.0,63.0,519636.0,17442.0,3062108.0,39170264.0,447081553.0,26.0,177709.0,9.0,1.0,71.0,33.0,796363.0
37.4,331775657.0,17727.0,7678049.0,51.0,785773.0,57763.0,2441523.0,45584468.0,54.0,12.0,6628.0,115.0,7.0,1240927.0,10.0,637447.0
37.1,427275743.0,63715.0,20704851.0,61.0,3460872.0,288600.0,64446548.0,419613742.0,25783856.0,72.0,50845.0,1050.0,30.0,48673.0,54.0,2056307.0
37.0,427605317.0,56215.0,12087656.0,77.0,657247.0,17457.0,6336873.0,85185999.0,185442210.0,29.0,183702.0,80.0,9.0,20272.0,19.0,1075951.0
37.0,328017675.0,115095.0,17047436.0,67.0,2090732.0,12320.0,9174467.0,74601136.0,4588817.0,31.0,83.0,17.0,13.0,45029.0,8.0,1285243.0
36.5,789418331.0,170553.0,31361482.0,78.0,2069625.0,631299.0,191909759.0,1315165820.0,7582380.0,9.0,113.0,54.0,6.0,75473.0,3.0,2230596.0
36.3,828608384.0,93376.0,34702149.0,64.0,3337302.0,46200.0,6399410.0,54201520.0,40019408.0,179.0,75061.0,2.0,82.0,1285443.0,62.0,3931607.0
36.3,724486951.0,89470.0,32447335.0,61.0,6766774.0,49460.0,14054713.0,155148335.0,166989461.0,132.0,21741.0,250.0,83.0,704408.0,37.0,8228542.0
36.3,1305189811.0,259761.0,79958707.0,82.0,2556677.0,126427.0,67441717.0,435331773.0,5708240.0,64.0,5105.0,53.0,30.0,219837.0,42.0,4881850.0
36.0,912294568.0,117541.0,36158508.0,70.0,5731914.0,595407.0,144323466.0,1255165488.0,185990718.0,122.0,225952.0,186.0,34.0,48669.0,28.0,2324716.0
35.9,337709342.0,124013.0,14195159.0,61.0,2101899.0,4621.0,1261834.0,14079058.0,4894019.0,22.0,9995.0,3.0,11.0,103545.0,10.0,263734.0
35.9,190497384.0,30799.0,19538464.0,70.0,911630.0,434002.0,164828255.0,1315525703.0,346098756.0,30.0,19087.0,2669.0,12.0,484406.0,18.0,726899.0
35.8,367775924.0,62389.0,11424665.0,62.0,1989112.0,607600.0,65822282.0,1035596168.0,521881638.0,44.0,145950.0,154.0,8.0,5121.0,17.0,1661118.0
35.7,507652985.0,55811.0,18606189.0,67.0,9703825.0,50851.0,13509246.0,85135882.0,154037132.0,46.0,3219.0,23.0,19.0,12372.0,23.0,1776984.0
35.7,544564903.0,155782.0,23951058.0,63.0,863485.0,101159.0,44502165.0,482158138.0,13886316.0,81.0,5446.0,6.0,43.0,37315.0,17.0,2427675.0
35.6,137020536.0,70768.0,38059683.0,64.0,87803.0,70669.0,14756285.0,279149939.0,4453108.0,26.0,15563.0,674.0,15.0,60125.0,17.0,2815666.0
35.5,157881582.0,23162.0,10693382.0,67.0,172138.0,3943.0,3345144.0,46583057.0,855952.0,37.0,121783.0,14.0,3.0,176372.0,42.0,228752.0
35.5,160163510.0,26131.0,10508416.0,72.0,1179825.0,10708.0,4339998.0,32904652.0,116693.0,7.0,31402.0,26.0,5.0,79748.0,4.0,2351135.0
35.3,399778802.0,50441.0,13504790.0,66.0,1805049.0,104530.0,12630049.0,109246978.0,327733544.0,56.0,515961.0,174.0,5.0,1888.0,39.0,4051237.0
35.3,263851286.0,17657.0,7369849.0,73.0,3135324.0,120256.0,103362311.0,483823339.0,73829305.0,18.0,2228.0,28.0,3.0,50385.0,11.0,434604.0
35.0,826685494.0,106975.0,21112809.0,76.0,2826209.0,2516713.0,555171983.0,4653743727.0,166290699.0,39.0,13341.0,9.0,7.0,49460.0,4.0,1873276.0
34.6,225128269.0,23133.0,12193936.0,71.0,36749.0,19339.0,3634753.0,33305600.0,8173626.0,26.0,309999.0,138.0,2.0,87391.0,7.0,820952.0
34.6,1365755853.0,183681.0,46890920.0,74.0,8881918.0,632606.0,91997812.0,694003171.0,646244393.0,40.0,74610.0,98.0,45.0,252875.0,18.0,8434236.0
34.4,71722674.0,15522.0,22597896.0,68.0,162133.0,17628.0,791989.0,18182823.0,131619237.0,43.0,55349.0,94.0,23.0,707344.0,19.0,952963.0
34.4,304386086.0,69159.0,17570340.0,72.0,257442.0,326956.0,217253263.0,1303631045.0,86936272.0,22.0,2174.0,372.0,15.0,227403.0,1.0,651001.0
34.3,2045512421.0,324745.0,99290558.0,82.0,17765456.0,522553.0,63993059.0,729532806.0,1256171581.0,16.0,186149.0,357.0,117.0,1481082.0,52.0,26145.0
34.3,508151972.0,68478.0,20213678.0,56.0,2893537.0,694200.0,40465854.0,387733644.0,163225146.0,68.0,10140.0,64.0,21.0,454231.0,42.0,1234460.0
34.1,1273869800.0,214511.0,64606098.0,76.0,2847630.0,28712.0,25451026.0,172101115.0,213556549.0,148.0,242121.0,353.0,98.0,601170.0,53.0,17971225.0
34.1,587673746.0,88533.0,17023029.0,65.0,7575841.0,108400.0,2994730.0,15353974.0,210200706.0,34.0,30031.0,9.0,16.0,13467.0,6.0,3904200.0
34.0,162356099.0,67124.0,8539093.0,62.0,253527.0,813201.0,95230456.0,1145039714.0,966941.0,77.0,70941.0,515.0,15.0,574629.0,27.0,4200295.0
34.0,602316735.0,64462.0,20443761.0,67.0,10410620.0,169764.0,142146594.0,998836191.0,568822896.0,91.0,12331.0,117.0,9.0,19067.0,8.0,3046517.0
34.0,175095439.0,21001.0,6637673.0,75.0,311636.0,52412.0,3106312.0,21618436.0,80192815.0,25.0,109675.0,21.0,2.0,81390.0,6.0,268281.0
33.8,1477150302.0,241550.0,126126362.0,79.0,7958745.0,1011744.0,145705571.0,1166623514.0,597231371.0,166.0,98296.0,348.0,125.0,807752.0,35.0,13339874.0
33.5,52106559.0,13612.0,2835147.0,61.0,637218.0,50210.0,9243349.0,81185287.0,143356579.0,30.0,173142.0,104.0,4.0,432333.0,36.0,1514755.0
33.4,36398813.0,7606.0,12388422.0,62.0,440385.0,42585.0,3116540.0,30427598.0,166879315.0,17.0,65182.0,77.0,5.0,660396.0,39.0,1019440.0
33.2,1293191157.0,147868.0,30229579.0,72.0,4505365.0,5601.0,1739806.0,19401692.0,207022466.0,209.0,54267.0,448.0,71.0,492309.0,15.0,10975728.0
32.9,1017438306.0,174201.0,45341736.0,71.0,3417150.0,202721.0,80786067.0,568058521.0,162617345.0,219.0,25714.0,239.0,105.0,1023099.0,72.0,15182802.0
32.9,972593978.0,84347.0,25942681.0,62.0,4540879.0,29484.0,5267198.0,36540464.0,615432219.0,130.0,125065.0,67.0,39.0,924090.0,32.0,5795814.0
32.8,540382129.0,67808.0,85710040.0,76.0,572580.0,681271.0,330884076.0,2631370364.0,237035026.0,76.0,24819.0,558.0,31.0,1893859.0,58.0,1224138.0
32.4,864865822.0,155446.0,25122611.0,82.0,1543311.0,391311.0,189326209.0,1722108635.0,4587987.0,3.0,1966.0,593.0,5.0,32782.0,13.0,1727338.0
32.4,512194074.0,180810.0,58052469.0,71.0,420306.0,349376.0,182982444.0,1524936587.0,305486.0,63.0,103595.0,183.0,27.0,5714062.0,51.0,2988493.0
32.4,132870060.0,27561.0,8424250.0,69.0,361926.0,39700.0,4608976.0,62570724.0,174646320.0,36.0,7685.0,50.0,10.0,57855.0,35.0,393651.0
32.4,930662973.0,130768.0,32965801.0,71.0,2566614.0,217933.0,11966552.0,114370699.0,78973996.0,142.0,141179.0,179.0,55.0,92980.0,36.0,7331922.0
32.3,495274429.0,128838.0,28968321.0,63.0,609580.0,94400.0,23269837.0,354473655.0,92853363.0,120.0,80857.0,178.0,54.0,274741.0,10.0,2916022.0
32.3,885944426.0,129982.0,34799834.0,73.0,4773915.0,288627.0,65111526.0,469737119.0,1535620794.0,45.0,102020.0,188.0,33.0,207887.0,16.0,10178659.0
32.2,970858824.0,117008.0,50397971.0,71.0,7274419.0,124187.0,43040615.0,343153571.0,547445834.0,140.0,18341.0,72.0,72.0,459669.0,29.0,6946040.0
32.1,349603788.0,52095.0,26147738.0,63.0,1529839.0,276352.0,33048101.0,343629235.0,364653532.0,151.0,340644.0,85.0,49.0,833844.0,43.0,2591262.0
32.1,402007889.0,119524.0,26655185.0,72.0,4928693.0,306798.0,257157857.0,2141282045.0,1265625.0,8.0,142.0,1.0,5.0,32615.0,7.0,2706263.0
31.9,263986575.0,37945.0,5228085.0,67.0,1535505.0,953400.0,208958147.0,1575405115.0,266125.0,21.0,15.0,2.0,2.0,810.0,7.0,1413328.0
31.8,10292715.0,1666.0,3832651.0,9.0,29255.0,3054.0,50322.0,725724.0,217465527.0,13.0,125960.0,87.0,8.0,1677021.0,12.0,139624.0
31.8,1225776509.0,135760.0,95644468.0,75.0,5355909.0,66101.0,26565378.0,188148281.0,6600033.0,114.0,32921.0,60.0,61.0,780422.0,30.0,1958247.0
31.8,115647691.0,51136.0,5269627.0,58.0,1282316.0,812154.0,21567173.0,388440929.0,19685448.0,48.0,7052.0,225.0,11.0,546249.0,19.0,4087365.0
31.8,1024198691.0,168424.0,41883756.0,76.0,1895986.0,30755.0,14835570.0,101238385.0,651349.0,172.0,15813.0,138.0,12.0,35304.0,36.0,4056356.0
31.8,1187784950.0,148513.0,50006803.0,74.0,1776887.0,170712.0,11588300.0,130962355.0,248747073.0,173.0,119849.0,410.0,68.0,1791986.0,57.0,9782303.0
31.8,352258962.0,68202.0,13733700.0,55.0,2300245.0,321298.0,59055794.0,425874947.0,5980666.0,43.0,26965.0,92.0,7.0,59604.0,22.0,943449.0
31.7,584277301.0,124262.0,20748688.0,64.0,5564747.0,287477.0,67770069.0,510652592.0,171074585.0,64.0,18018.0,6.0,30.0,206604.0,7.0,4334574.0
31.6,379462137.0,52985.0,7003255.0,72.0,759185.0,38414.0,17034027.0,137402135.0,75996858.0,23.0,192139.0,89.0,2.0,2873.0,12.0,886799.0
31.6,216354398.0,90545.0,5425432.0,64.0,647095.0,27652.0,13161166.0,148927892.0,33939271.0,14.0,5281.0,10.0,4.0,9626.0,11.0,1065136.0
31.5,1810649765.0,109411.0,45003974.0,60.0,7455155.0,18894720.0,1432227925.0,15963128797.0,29891688.0,418.0,131873.0,139.0,143.0,1390899.0,125.0,6531412.0
31.3,935098853.0,63937.0,44356528.0,75.0,5982989.0,115567.0,38779190.0,255624404.0,281696624.0,159.0,70122.0,379.0,39.0,1053627.0,59.0,2751022.0
31.2,133353888.0,40696.0,2870988.0,69.0,845642.0,727366.0,52119320.0,614798320.0,15477584.0,43.0,16437.0,17.0,7.0,285721.0,13.0,3191942.0
31.1,137897920.0,26625.0,54204917.0,69.0,366832.0,7625.0,1462045.0,33714095.0,149081593.0,73.0,122035.0,7.0,56.0,995516.0,23.0,1621052.0
30.9,293724552.0,27089.0,8506820.0,68.0,6840494.0,274400.0,180065845.0,866409009.0,208694354.0,7.0,2041.0,255.0,6.0,59109.0,17.0,591662.0
30.9,172082938.0,15951.0,6701830.0,66.0,857582.0,485700.0,55172498.0,874751736.0,17350637.0,3.0,11867.0,456.0,8.0,414587.0,10.0,308507.0
30.9,438511316.0,96233.0,22697396.0,77.0,573905.0,150543.0,73826869.0,434155492.0,1722430.0,4.0,422.0,37.0,3.0,18857.0,8.0,1611142.0
30.8,1091185920.0,114997.0,28172038.0,72.0,5993528.0,363386.0,57964177.0,372214292.0,21852096.0,37.0,1112.0,22.0,14.0,209449.0,26.0,2223597.0
30.8,125056212.0,43939.0,9282167.0,61.0,1191440.0,93200.0,5963103.0,58980168.0,58989712.0,53.0,80954.0,271.0,16.0,143492.0,33.0,1524739.0
30.8,343227483.0,71196.0,5509068.0,63.0,4107386.0,532614.0,652146812.0,6292383402.0,988296994.0,9.0,38402.0,554.0,4.0,65921.0,6.0,2936528.0
30.6,560774282.0,62305.0,14198815.0,68.0,4288539.0,397413.0,18838824.0,216533242.0,545706587.0,38.0,80904.0,36.0,5.0,8037.0,45.0,3920740.0
30.5,1430439855.0,150179.0,55438878.0,71.0,2768168.0,279393.0,12505319.0,81779367.0,129321931.0,210.0,91638.0,217.0,110.0,752307.0,40.0,13603866.0
30.5,384886220.0,32051.0,9361355.0,65.0,7966863.0,243659.0,94368004.0,666762692.0,63358966.0,31.0,2821.0,9.0,8.0,56015.0,7.0,643653.0
30.3,1327093253.0,188363.0,58299660.0,70.0,5009883.0,1072310.0,146302323.0,1196196511.0,528574920.0,250.0,121439.0,214.0,162.0,968778.0,78.0,25620314.0
30.3,306221125.0,61432.0,15468892.0,58.0,4888312.0,126257.0,15711039.0,90607937.0,272146133.0,50.0,15637.0,102.0,24.0,194800.0,12.0,2066390.0
30.2,1465918510.0,110953.0,65876311.0,77.0,9106812.0,74689.0,39669684.0,285511671.0,484923295.0,102.0,83891.0,118.0,43.0,356866.0,13.0,5273745.0
30.1,807802864.0,93613.0,23160480.0,78.0,2093903.0,29070.0,5193789.0,42065642.0,675794766.0,55.0,118955.0,49.0,11.0,29415.0,24.0,1719362.0
30.0,1046848265.0,137023.0,33124854.0,68.0,3442407.0,273486.0,55726548.0,405625969.0,51232888.0,129.0,30641.0,87.0,43.0,173923.0,16.0,9203307.0
29.9,296674882.0,56660.0,27811906.0,74.0,508119.0,124659.0,58661300.0,366838888.0,15453.0,16.0,1045.0,11.0,8.0,210339.0,5.0,924914.0
29.8,164804108.0,40909.0,4353138.0,60.0,932922.0,24901.0,7795076.0,50358850.0,212457530.0,20.0,27123.0,168.0,5.0,26308.0,3.0,569269.0
29.7,683247723.0,103554.0,18582680.0,71.0,5220826.0,252245.0,60889240.0,561046941.0,21501456.0,62.0,27799.0,74.0,10.0,551258.0,19.0,3637003.0
29.7,83366020.0,17799.0,3474319.0,49.0,11310696.0,627579.0,6349028.0,29251104.0,217706666.0,18.0,6558.0,423.0,19.0,117547.0,8.0,560533.0
29.5,1197774081.0,128593.0,56315096.0,65.0,3685849.0,91701.0,14356531.0,112554627.0,115081691.0,220.0,43670.0,107.0,71.0,277681.0,18.0,9218458.0
29.5,178441881.0,28857.0,7439902.0,75.0,188213.0,62371.0,17306191.0,161742703.0,404410206.0,19.0,123672.0,36.0,10.0,1718435.0,3.0,456834.0
29.5,152289860.0,58113.0,19505579.0,69.0,578895.0,620950.0,37260289.0,546510983.0,307313090.0,79.0,32815.0,198.0,25.0,983428.0,45.0,1398310.0
29.5,194908788.0,58039.0,6855506.0,59.0,3277009.0,1004500.0,614002238.0,5338367302.0,277022606.0,4.0,1236.0,121.0,5.0,10634.0,2.0,1640152.0
29.3,547483874.0,59096.0,18863568.0,61.0,3000650.0,4927.0,334324.0,5221834.0,135529403.0,59.0,9233.0,55.0,26.0,623759.0,20.0,2115863.0
29.2,1410353130.0,218492.0,59487193.0,83.0,5087140.0,744614.0,445675563.0,3241952947.0,11148737.0,38.0,43972.0,652.0,29.0,677739.0,31.0,3007369.0
29.2,930343185.0,116055.0,42732119.0,75.0,3517952.0,451642.0,85881445.0,724117161.0,128657658.0,35.0,621.0,1.0,36.0,606884.0,26.0,2035027.0
29.2,47296342.0,10429.0,2724041.0,46.0,316661.0,39420.0,4468377.0,37869926.0,248768688.0,10.0,1223.0,16.0,13.0,31977.0,9.0,208435.0
29.2,44047842.0,8961.0,11610924.0,11.0,90929.0,48500.0,1058781.0,8486978.0,1690515321.0,16.0,43529.0,4.0,1.0,1149.0,35.0,252283.0
29.2,610838644.0,91391.0,29634724.0,70.0,7406983.0,13840.0,9454140.0,69072143.0,201322168.0,88.0,26205.0,7.0,42.0,5784923.0,42.0,3110101.0
28.9,254191262.0,68188.0,10639841.0,71.0,1090031.0,19580.0,2720712.0,33984850.0,38505821.0,23.0,3925.0,35.0,7.0,165039.0,27.0,555350.0
28.9,1070923216.0,204514.0,89320567.0,69.0,3412361.0,79570.0,20716110.0,185228504.0,169884547.0,133.0,163744.0,210.0,48.0,1160892.0,36.0,8023558.0
28.9,616445374.0,76646.0,16115782.0,65.0,7682235.0,1315832.0,22887140.0,166158568.0,297579936.0,19.0,31457.0,81.0,32.0,371682.0,37.0,7438678.0
28.9,965827790.0,160031.0,38549276.0,71.0,2037116.0,204916.0,87657079.0,930985864.0,2936860.0,89.0,31268.0,159.0,64.0,111728.0,13.0,19231875.0
28.9,227893586.0,28139.0,12480714.0,73.0,159791.0,77661.0,13324305.0,117505652.0,238206228.0,33.0,129172.0,34.0,5.0,1370.0,49.0,708143.0
28.9,227893586.0,28139.0,12480714.0,73.0,159791.0,77661.0,13324305.0,117505652.0,238206228.0,33.0,129172.0,34.0,5.0,1370.0,49.0,708143.0
28.8,176140377.0,76081.0,7784086.0,61.0,1019305.0,9759.0,1195071.0,12014523.0,35450506.0,36.0,10226.0,36.0,7.0,31768.0,13.0,494233.0
28.7,261468916.0,44088.0,11298879.0,75.0,54195.0,86609.0,19696611.0,127691196.0,153448242.0,25.0,320.0,4.0,3.0,7503.0,18.0,481576.0
28.6,727417273.0,107826.0,25463894.0,73.0,2402463.0,51203.0,14475594.0,101847028.0,596719707.0,59.0,128432.0,126.0,19.0,25550.0,24.0,3566957.0
28.6,669099980.0,87216.0,26997782.0,76.0,2081644.0,771.0,6034599.0,101980300.0,608054184.0,13.0,4608.0,90.0,7.0,240246.0,15.0,1352593.0
28.5,540907681.0,169023.0,15332361.0,70.0,1394656.0,29890.0,7358053.0,65403430.0,7590308.0,113.0,7620.0,9.0,31.0,171627.0,27.0,1899818.0
28.5,445742307.0,68570.0,23007042.0,72.0,1302190.0,118871.0,53270295.0,299317588.0,2205915138.0,9.0,2878.0,3.0,9.0,12015.0,18.0,2074587.0
28.4,349688559.0,77636.0,12565087.0,60.0,699236.0,538219.0,83527860.0,643169528.0,1989190.0,26.0,854.0,43.0,9.0,23636.0,7.0,771928.0
28.3,409394001.0,53657.0,22643350.0,64.0,1120466.0,442700.0,135938706.0,1334863571.0,330802357.0,45.0,15971.0,81.0,18.0,2038434.0,36.0,526470.0
28.3,350348521.0,48286.0,23268627.0,75.0,494666.0,117002.0,112061372.0,793536731.0,2197815.0,32.0,27952.0,5.0,5.0,224543.0,16.0,508585.0
28.2,639900946.0,87550.0,20272841.0,73.0,3536634.0,180855.0,114118319.0,774173668.0,56822531.0,41.0,8153.0,85.0,8.0,43721.0,21.0,820892.0
28.2,275465440.0,58725.0,10964599.0,65.0,1533113.0,64277.0,8127616.0,53454696.0,12422822.0,30.0,334.0,8.0,14.0,2315.0,7.0,2030167.0
28.1,247386146.0,57298.0,14371239.0,70.0,461922.0,25012.0,12211067.0,119045728.0,129119126.0,21.0,2377.0,553.0,5.0,494840.0,1.0,1184981.0
28.1,304069347.0,89224.0,17836102.0,63.0,580798.0,20117.0,6207518.0,94926621.0,80707655.0,89.0,117243.0,24.0,53.0,959302.0,18.0,5206645.0
28.1,58652026.0,19596.0,3713869.0,54.0,458583.0,508800.0,31900743.0,344636407.0,9720627.0,14.0,66.0,6.0,2.0,9119.0,2.0,397215.0
27.9,895496661.0,158437.0,56718950.0,75.0,663427.0,118739.0,61383164.0,500515994.0,25324485.0,109.0,19935.0,9.0,40.0,314982.0,17.0,5540938.0
27.9,859999247.0,170136.0,65334656.0,74.0,8770296.0,199632.0,36725930.0,368297203.0,965108329.0,116.0,173135.0,86.0,63.0,1211577.0,36.0,10809090.0
27.8,168710415.0,16559.0,4927487.0,56.0,1890653.0,72000.0,24990011.0,248098853.0,365354168.0,12.0,10771.0,1.0,12.0,232266.0,16.0,182061.0
27.8,536110386.0,32472.0,22834672.0,71.0,168023.0,791802.0,171672855.0,1573795763.0,120036973.0,46.0,6686.0,84.0,5.0,282241.0,46.0,361280.0
27.8,1256488099.0,158078.0,59355964.0,80.0,5562953.0,301881.0,104232046.0,881937736.0,1185793007.0,85.0,7063.0,38.0,53.0,345045.0,38.0,6185418.0
27.7,589145587.0,130464.0,19387390.0,71.0,3294641.0,81149.0,90157158.0,569986027.0,443194.0,38.0,12737.0,19.0,16.0,143067.0,25.0,3769063.0
27.7,1442872605.0,204954.0,53282968.0,79.0,6181000.0,423666.0,173066210.0,1549975311.0,329452348.0,115.0,10698.0,224.0,65.0,1116035.0,71.0,8122251.0
27.7,135465283.0,20671.0,8011051.0,63.0,736558.0,197600.0,59387239.0,500108092.0,24978941.0,20.0,2340.0,5.0,19.0,222294.0,15.0,225730.0
27.5,1120187276.0,153725.0,45935052.0,70.0,707090.0,1758196.0,369847461.0,2745676769.0,402464.0,236.0,32897.0,2.0,148.0,1143603.0,36.0,13710879.0
27.4,1299650856.0,228950.0,71708447.0,83.0,1286636.0,130802.0,68303456.0,442090971.0,455453.0,163.0,6091.0,221.0,46.0,1275701.0,41.0,2187716.0
27.4,1099069598.0,261122.0,71073470.0,73.0,1660824.0,496525.0,338753643.0,2588157478.0,3593056.0,88.0,4491.0,9.0,14.0,264505.0,38.0,7887047.0
27.3,247056218.0,19231.0,16723973.0,69.0,1260603.0,139100.0,34732272.0,386594049.0,756308958.0,30.0,21779.0,3.0,13.0,387578.0,43.0,459379.0
27.3,765374782.0,69032.0,29531913.0,67.0,3838603.0,77443.0,6020979.0,43199667.0,171357012.0,109.0,136075.0,43.0,353.0,748613.0,32.0,4294116.0
27.1,161172707.0,23604.0,23467570.0,66.0,353891.0,33264.0,7184433.0,140240096.0,6507698.0,48.0,71615.0,534.0,45.0,1978100.0,35.0,1364052.0
27.1,357054107.0,20864.0,10226449.0,66.0,2549362.0,225000.0,94313386.0,790229870.0,117807648.0,5.0,1109.0,14.0,2.0,80569.0,7.0,359205.0
27.0,413743535.0,39980.0,7003058.0,73.0,2712590.0,143494.0,22305613.0,152431204.0,15959347.0,19.0,210.0,42.0,5.0,36707.0,15.0,750571.0
26.9,1315577954.0,261770.0,60550990.0,79.0,2719377.0,164714.0,32605436.0,250337316.0,105077315.0,96.0,18653.0,67.0,26.0,207876.0,10.0,3795507.0
26.9,1351515181.0,114379.0,33997882.0,74.0,5996722.0,154068.0,27390411.0,169125285.0,17674579.0,14.0,54431.0,245.0,33.0,125150.0,23.0,5017015.0
26.8,503296417.0,55067.0,8724047.0,74.0,665110.0,101364.0,12089070.0,124574139.0,360980228.0,27.0,114836.0,31.0,3.0,3237.0,9.0,986413.0
26.7,185042019.0,41058.0,8054809.0,62.0,482490.0,923.0,7073614.0,68670799.0,143011080.0,35.0,78838.0,189.0,19.0,88224.0,2.0,958912.0
26.6,199063354.0,27343.0,10046715.0,59.0,1231359.0,2880229.0,128729922.0,1039448470.0,1402732.0,30.0,1605.0,50.0,9.0,49722.0,12.0,692819.0
26.6,120785398.0,45503.0,9878550.0,59.0,202181.0,24429.0,3729330.0,64940140.0,330803.0,34.0,62413.0,231.0,17.0,214166.0,26.0,742291.0
26.5,389164529.0,60436.0,21604450.0,62.0,597354.0,22228.0,9869894.0,82984646.0,22709518.0,75.0,249186.0,56.0,37.0,212978.0,11.0,3654247.0
26.5,839642356.0,110606.0,35486997.0,72.0,4002306.0,762018.0,5417399.0,48882930.0,150833941.0,62.0,3816.0,42.0,18.0,105709.0,19.0,9583929.0
26.5,1798020679.0,352947.0,75283550.0,81.0,7927293.0,74682.0,86740640.0,771015965.0,568968886.0,93.0,70311.0,82.0,68.0,2765272.0,46.0,6637985.0
26.5,168963270.0,9329.0,6528413.0,52.0,561807.0,83980.0,6759488.0,90780465.0,7517627.0,7.0,6941.0,7.0,6.0,21467.0,2.0,327415.0
26.3,123058600.0,41625.0,65080812.0,71.0,160292.0,12651.0,2501719.0,30233661.0,35904201.0,40.0,19860.0,16.0,22.0,409177.0,30.0,763897.0
26.2,116992202.0,44035.0,62486297.0,65.0,95181.0,12594.0,8695476.0,92238960.0,7025105.0,50.0,14692.0,281.0,22.0,274665.0,18.0,762785.0
26.0,209635991.0,54470.0,8885780.0,71.0,281014.0,161246.0,24563445.0,231239811.0,12295099.0,18.0,99987.0,102.0,3.0,29711.0,13.0,832908.0
26.0,899431434.0,111427.0,17437639.0,72.0,3361539.0,277847.0,116647161.0,813589191.0,142496161.0,58.0,1116.0,26.0,18.0,41140.0,13.0,3585978.0
26.0,139783785.0,44303.0,5375418.0,63.0,402994.0,41400.0,17092754.0,129948415.0,644.0,25.0,5116.0,1.0,11.0,109328.0,14.0,2203339.0
25.9,1015965940.0,125348.0,27076169.0,77.0,3439489.0,515202.0,51866413.0,445032303.0,14016821.0,56.0,5219.0,68.0,37.0,270027.0,3.0,3869271.0
25.7,709560621.0,98164.0,26325717.0,68.0,5771617.0,3776.0,1994779.0,19887287.0,5774727.0,48.0,1798.0,15.0,15.0,282597.0,19.0,1461359.0
25.7,230129740.0,56091.0,10688364.0,72.0,614842.0,93552.0,53961135.0,369833975.0,4625790.0,13.0,25825.0,131.0,3.0,16868.0,17.0,409448.0
25.6,96105220.0,17341.0,10481728.0,60.0,594327.0,253268.0,62889421.0,531122265.0,82583.0,16.0,2188.0,69.0,16.0,179869.0,44.0,443624.0
25.5,548333714.0,58410.0,13060330.0,77.0,1256178.0,91540.0,32004747.0,256819834.0,2267674.0,35.0,19.0,26.0,6.0,138828.0,28.0,952624.0
25.5,110545738.0,19914.0,24272196.0,62.0,130379.0,1731.0,355693.0,6584480.0,87589134.0,55.0,201798.0,40.0,26.0,644909.0,15.0,1431373.0
25.5,946043494.0,75100.0,29425699.0,70.0,3528279.0,517581.0,15059403.0,93693477.0,16315478.0,111.0,85404.0,334.0,29.0,88210.0,35.0,4873266.0
25.4,1015502663.0,82046.0,26967760.0,67.0,4987421.0,30575.0,20265254.0,102264948.0,312559844.0,111.0,171291.0,404.0,38.0,385715.0,56.0,3403391.0
25.1,693552475.0,148244.0,28799004.0,68.0,3735154.0,680593.0,15685738.0,100004969.0,203700286.0,129.0,479.0,18.0,38.0,365775.0,29.0,3758685.0
25.1,41255598.0,13071.0,2941901.0,51.0,367061.0,516.0,129698.0,1570567.0,59292154.0,22.0,91035.0,151.0,18.0,265460.0,16.0,485039.0
25.0,924784325.0,92551.0,20937954.0,70.0,7268122.0,183346.0,89484839.0,663268482.0,1537829440.0,80.0,25242.0,15.0,50.0,515584.0,24.0,3499919.0
24.8,934248345.0,132560.0,39090664.0,73.0,3588736.0,125946.0,10680445.0,98339758.0,241173869.0,90.0,39747.0,37.0,90.0,680909.0,12.0,10476296.0
24.7,374553396.0,66679.0,10295377.0,13.0,4151817.0,409340.0,81885567.0,578801821.0,122569467.0,26.0,13460.0,4.0,8.0,42916.0,4.0,925687.0
24.7,86564714.0,20203.0,44058645.0,71.0,64694.0,806.0,106047.0,2191926.0,3380195.0,43.0,24743.0,24.0,25.0,742300.0,30.0,545123.0
24.7,474420154.0,97650.0,16487753.0,64.0,8747570.0,227317.0,120548747.0,1383691192.0,154199082.0,89.0,10895.0,24.0,55.0,395448.0,21.0,5198362.0
24.6,439281048.0,44726.0,15623830.0,75.0,1288065.0,57055.0,7479129.0,60781778.0,435869854.0,30.0,24352.0,155.0,8.0,20533.0,16.0,1750559.0
24.4,707551397.0,148441.0,20364177.0,21.0,2598192.0,49597.0,26883217.0,186530347.0,5649485.0,22.0,119.0,56.0,13.0,11220.0,14.0,1508168.0
24.4,142352659.0,80632.0,7222942.0,58.0,819235.0,46229.0,11821844.0,129897849.0,19542904.0,96.0,9295.0,85.0,12.0,152415.0,4.0,2768798.0
24.4,283406755.0,35672.0,3644016.0,77.0,254008.0,48146.0,7156246.0,49171406.0,340942384.0,12.0,794.0,22.0,3.0,648.0,21.0,363648.0
24.4,1216966135.0,92577.0,30252887.0,74.0,4212951.0,71954.0,63817390.0,428073160.0,1557663895.0,116.0,18666.0,117.0,12.0,44098.0,2.0,6844702.0
24.4,65174919.0,13131.0,7905515.0,64.0,363870.0,733101.0,37688610.0,479919203.0,48502167.0,43.0,7196.0,34.0,7.0,467961.0,8.0,1062087.0
24.4,705672746.0,84469.0,33371478.0,70.0,1055058.0,38258.0,16654149.0,124603506.0,504904.0,79.0,4564.0,20.0,35.0,48467.0,22.0,633497.0
24.3,2146682342.0,397228.0,83160830.0,83.0,3552978.0,761633.0,27141268.0,177890147.0,22608265.0,118.0,2668.0,69.0,83.0,2953010.0,38.0,13371463.0
24.3,840781611.0,93600.0,36206570.0,64.0,335427.0,1010070.0,25149358.0,160655710.0,2335.0,66.0,1910.0,21.0,29.0,285187.0,30.0,3966093.0
24.2,1188567787.0,125952.0,35637449.0,68.0,684919.0,1173367.0,58227763.0,388633141.0,367951.0,99.0,47278.0,91.0,55.0,634007.0,20.0,4914487.0
24.2,49756092.0,11905.0,10502401.0,73.0,340925.0,5352.0,214666.0,4372.0,15168530.0,12.0,3566.0,5.0,9.0,277848.0,22.0,65087.0
24.0,401979272.0,80139.0,15198667.0,66.0,1667710.0,101915.0,18751200.0,203030554.0,86821613.0,75.0,15171.0,6.0,33.0,364216.0,13.0,1750278.0
24.0,157676395.0,21485.0,5429963.0,76.0,28970.0,3492.0,308886.0,2359449.0,3948452.0,13.0,8672.0,302.0,4.0,515925.0,59.0,118515.0
23.8,106740885.0,16395.0,7898986.0,66.0,46227.0,1657.0,748350.0,12122087.0,5692276.0,10.0,48065.0,407.0,19.0,334708.0,14.0,432706.0
23.8,173061521.0,18616.0,5085706.0,67.0,343308.0,143900.0,22419288.0,239225982.0,53205932.0,11.0,2.0,1.0,2.0,680.0,2.0,604065.0
23.8,981323727.0,120261.0,29116272.0,73.0,548954.0,55663.0,50590230.0,371899059.0,1571205.0,110.0,38418.0,341.0,78.0,1105005.0,52.0,13561186.0
23.7,1194124781.0,235618.0,114628125.0,78.0,4900990.0,1041808.0,255818121.0,1795501997.0,1078272185.0,164.0,74370.0,337.0,54.0,595457.0,52.0,6254052.0
23.6,146921991.0,18446.0,17280612.0,61.0,438887.0,17397.0,15319975.0,351979940.0,405838581.0,52.0,117393.0,63.0,22.0,522491.0,28.0,813738.0
23.6,103549505.0,45954.0,8112561.0,55.0,673845.0,10162.0,2101769.0,21878255.0,513324738.0,22.0,3795.0,35.0,7.0,73406.0,8.0,177908.0
23.6,46615691.0,29693.0,4972570.0,54.0,83064.0,250198.0,50398483.0,758814572.0,55794.0,44.0,15021.0,11.0,10.0,48863.0,12.0,591008.0
23.6,390893607.0,109900.0,16744963.0,66.0,974740.0,29802.0,58116176.0,368523039.0,1642953.0,32.0,1122.0,6.0,3.0,8243.0,6.0,927120.0
23.5,216934691.0,65171.0,14450198.0,60.0,1101053.0,245749.0,133687791.0,1016363322.0,41724867.0,33.0,8865.0,94.0,15.0,117489.0,12.0,603507.0
23.5,508914869.0,86239.0,25204530.0,70.0,6057759.0,55811.0,8937199.0,73318392.0,341710178.0,48.0,12567.0,67.0,39.0,272601.0,36.0,5615561.0
23.5,841183589.0,178587.0,102898525.0,76.0,3227301.0,27671.0,7733399.0,64589027.0,188887432.0,112.0,2137.0,351.0,46.0,508592.0,18.0,6644459.0
23.4,165916276.0,17423.0,3301778.0,70.0,887461.0,43015.0,13217486.0,92644726.0,9441934.0,6.0,4205.0,31.0,3.0,65546.0,30.0,139260.0
23.4,317302250.0,59316.0,12635825.0,54.0,1143446.0,169932.0,44327209.0,286048019.0,4852424.0,63.0,7340.0,140.0,14.0,29601.0,6.0,2007712.0
23.3,202781631.0,32888.0,14372026.0,60.0,21984.0,673047.0,323827842.0,2410282562.0,4761746.0,44.0,119001.0,1447.0,14.0,77824.0,35.0,1690643.0
23.2,133039977.0,69577.0,7803085.0,54.0,250732.0,33573.0,29171201.0,241202185.0,27878588.0,17.0,19365.0,401.0,3.0,7731.0,9.0,216542.0
23.2,506083686.0,88997.0,19591325.0,65.0,1917299.0,22248.0,8081963.0,53859932.0,17749865.0,105.0,20173.0,45.0,38.0,196761.0,16.0,14034296.0
23.1,135976140.0,41454.0,4335379.0,69.0,465940.0,3074.0,1344946.0,14785534.0,6852259.0,22.0,3782.0,3.0,1.0,1382.0,2.0,390413.0
23.0,603009543.0,60339.0,19082403.0,65.0,1897331.0,25591.0,2655600.0,33166882.0,107154352.0,33.0,13214.0,19.0,32.0,555813.0,42.0,1628610.0
22.8,478791369.0,58453.0,15619408.0,63.0,6231853.0,512763.0,28874189.0,281205271.0,208345707.0,55.0,53264.0,36.0,64.0,394903.0,12.0,4680196.0
22.8,34116353.0,10084.0,1619073.0,42.0,1278586.0,2426688.0,716422698.0,6661617341.0,305361285.0,10.0,966.0,1051.0,4.0,4708.0,8.0,1061424.0
22.7,757522352.0,224483.0,30472220.0,74.0,1073571.0,186541.0,59591708.0,450672924.0,2329764.0,36.0,1404.0,51.0,9.0,17953.0,6.0,1130370.0
22.6,538918222.0,73149.0,29404069.0,70.0,6629367.0,260418.0,26028741.0,149188520.0,184669606.0,43.0,5481.0,66.0,20.0,206290.0,17.0,3052967.0
22.6,971172980.0,146441.0,57655350.0,70.0,5781852.0,158366.0,21655145.0,171491357.0,559214970.0,119.0,112158.0,106.0,86.0,1476213.0,31.0,6473758.0
22.6,382565051.0,85310.0,24209669.0,69.0,986189.0,62502.0,17799186.0,123745488.0,1263721.0,55.0,25.0,24.0,14.0,71931.0,1.0,1222113.0
22.5,1142061871.0,140545.0,43438732.0,79.0,1528733.0,13128.0,5175533.0,42711557.0,16631579.0,183.0,106124.0,208.0,68.0,309720.0,36.0,12360774.0
22.5,1062571821.0,183102.0,83157868.0,74.0,2999671.0,135610.0,86779845.0,623454990.0,175213622.0,166.0,209992.0,425.0,69.0,1145161.0,54.0,7126620.0
22.5,296543065.0,117924.0,14177874.0,68.0,3566571.0,256438.0,262367607.0,2473547695.0,6435978.0,12.0,6060.0,148.0,16.0,103155.0,12.0,3560853.0
22.4,242105356.0,25649.0,5257047.0,59.0,2907887.0,129582.0,5433488.0,38979215.0,25155712.0,21.0,48967.0,40.0,7.0,36419.0,15.0,1550411.0
22.3,516523975.0,45773.0,14539681.0,67.0,2047661.0,82745.0,1643842.0,10506569.0,471650737.0,39.0,132684.0,56.0,3.0,4887.0,18.0,1925032.0
22.3,117186345.0,11752.0,4854730.0,62.0,2497620.0,133155.0,89151707.0,580855649.0,84559361.0,11.0,1361.0,33.0,3.0,52357.0,1.0,191507.0
22.2,818926915.0,160628.0,48988304.0,77.0,1119551.0,124365.0,62671433.0,478999463.0,145296.0,37.0,127903.0,278.0,36.0,344006.0,40.0,3388780.0
22.2,177369022.0,26786.0,5711358.0,58.0,1614839.0,76025.0,12315439.0,75387907.0,85920589.0,35.0,100358.0,472.0,8.0,558639.0,29.0,1548061.0
22.2,954807024.0,219091.0,69258950.0,75.0,8016633.0,313458.0,56619292.0,950938614.0,379363177.0,76.0,44539.0,122.0,49.0,662226.0,25.0,6300407.0
22.1,957810500.0,107486.0,73687531.0,74.0,2856158.0,309815.0,26476462.0,159860013.0,14483762.0,104.0,19825.0,69.0,28.0,109552.0,12.0,5142901.0
22.0,224529894.0,50674.0,7520303.0,53.0,2237400.0,37352.0,15530760.0,112923227.0,61743322.0,43.0,92023.0,9.0,13.0,19900.0,33.0,2404340.0
22.0,75309953.0,34283.0,39325226.0,67.0,111125.0,4789.0,2241743.0,22133936.0,61165.0,20.0,3716.0,39.0,14.0,152042.0,22.0,330883.0
22.0,633467655.0,74321.0,32015799.0,63.0,260550.0,1414817.0,162027612.0,1120361528.0,5356.0,109.0,43085.0,83.0,44.0,297171.0,4.0,1565404.0
21.8,541018402.0,37204.0,14531541.0,74.0,911054.0,198468.0,138278860.0,1096877338.0,54215732.0,32.0,6153.0,106.0,4.0,10871.0,10.0,474609.0
21.8,664972754.0,67417.0,29811087.0,67.0,2371235.0,154068.0,36829248.0,275420611.0,152714215.0,139.0,123485.0,251.0,40.0,340692.0,34.0,3200345.0
21.7,259405297.0,46330.0,19899069.0,59.0,772098.0,19000.0,11752918.0,71844871.0,128587546.0,49.0,66137.0,714.0,37.0,415938.0,8.0,1255610.0
21.7,68189858.0,14429.0,12456842.0,61.0,71513.0,573.0,243524.0,4189925.0,74920373.0,44.0,66669.0,205.0,19.0,184386.0,11.0,521658.0
21.7,169574765.0,46212.0,10914718.0,61.0,532711.0,16172.0,3047870.0,29701332.0,56161.0,72.0,3414.0,5.0,4.0,36847.0,14.0,1488185.0
21.7,433664050.0,78546.0,20739392.0,59.0,2265284.0,1037872.0,154355675.0,1344891926.0,15131588.0,126.0,28247.0,277.0,55.0,854505.0,39.0,4070551.0
21.6,49939720.0,15725.0,2639765.0,54.0,743713.0,450203.0,228122883.0,1646887640.0,86475705.0,4.0,178.0,1056.0,4.0,129006.0,3.0,510234.0
21.6,122957173.0,65839.0,15313309.0,58.0,434406.0,115114.0,56371535.0,1408619017.0,1484274.0,27.0,5136.0,19.0,3.0,92265.0,26.0,1713873.0
21.6,537523729.0,71149.0,22408790.0,70.0,2942916.0,25914.0,15414832.0,103430758.0,35299595.0,98.0,2678.0,65.0,22.0,145035.0,59.0,1833030.0
21.6,365789171.0,47875.0,14327367.0,58.0,2544004.0,24502.0,12009436.0,75103695.0,150027731.0,75.0,8.0,51.0,7.0,28364.0,16.0,3844287.0
21.5,413855724.0,67911.0,11433179.0,61.0,569920.0,58190.0,13747633.0,170836810.0,26070341.0,80.0,8044.0,375.0,27.0,64976.0,24.0,17865575.0
21.4,466462034.0,145278.0,21911416.0,20.0,1551928.0,253094.0,221768120.0,1503260547.0,1051268048.0,25.0,1227.0,102.0,5.0,7432.0,4.0,989841.0
21.3,117819788.0,59052.0,4339220.0,59.0,1773615.0,822706.0,192976549.0,1866473503.0,26870032.0,59.0,5324.0,1.0,27.0,155965.0,5.0,3178427.0
21.3,215492373.0,91317.0,9796420.0,67.0,2585653.0,5685.0,2212496.0,64559724.0,10472176.0,36.0,48571.0,231.0,16.0,251559.0,13.0,2951859.0
21.3,260183209.0,36176.0,9276256.0,65.0,486007.0,106827.0,32754226.0,295540554.0,2547376419.0,31.0,15877.0,62.0,12.0,298664.0,15.0,626257.0
21.2,433429705.0,47966.0,7954524.0,73.0,418212.0,404913.0,40464743.0,273205308.0,162712220.0,33.0,44492.0,14.0,2.0,3148.0,15.0,667963.0
21.2,473059298.0,108732.0,25587455.0,62.0,3261634.0,402646.0,123479947.0,793624604.0,21754797.0,39.0,50039.0,59.0,24.0,142965.0,22.0,4844008.0
21.1,597167984.0,106817.0,22130665.0,65.0,2833259.0,829396.0,189935359.0,1101118641.0,16932626.0,84.0,2107.0,38.0,27.0,106997.0,16.0,2571189.0
21.0,64562541.0,14704.0,1868777.0,55.0,588504.0,28159.0,4803835.0,38123007.0,177562407.0,11.0,1310.0,181.0,1.0,2011.0,3.0,262393.0
21.0,254979267.0,50550.0,13267378.0,63.0,2333652.0,56460.0,10523558.0,76024269.0,1748619.0,86.0,46258.0,19.0,32.0,760820.0,28.0,961364.0
21.0,505295731.0,47908.0,25022588.0,64.0,1772300.0,25388.0,5343796.0,48126470.0,97714946.0,76.0,211790.0,222.0,36.0,463898.0,46.0,2572578.0
20.6,307125680.0,37085.0,4580996.0,78.0,115841.0,82568.0,11598936.0,91548493.0,237287388.0,5.0,1612.0,24.0,1.0,71.0,6.0,170053.0
20.6,118689822.0,21235.0,10088905.0,61.0,435913.0,62500.0,23571763.0,215516634.0,7014186.0,17.0,3615.0,22.0,5.0,1370903.0,5.0,227408.0
20.5,948562412.0,227652.0,30088786.0,76.0,1952137.0,137434.0,79393828.0,509550794.0,2115923.0,52.0,1601.0,23.0,13.0,34894.0,20.0,2295441.0
20.5,687212492.0,158127.0,52673092.0,74.0,3735861.0,112554.0,51638369.0,388454078.0,264030016.0,49.0,1411.0,199.0,31.0,46407.0,11.0,10452280.0
20.5,624262344.0,152117.0,23361260.0,68.0,953527.0,30003.0,5605679.0,61873397.0,41851.0,180.0,56327.0,34.0,50.0,357747.0,3.0,13112923.0
20.4,836986096.0,185976.0,32031700.0,64.0,2261189.0,27380.0,12146399.0,87179494.0,217960715.0,90.0,16944.0,205.0,17.0,219233.0,5.0,2984024.0
20.4,121386649.0,17170.0,3091212.0,56.0,1221832.0,136234.0,45708060.0,399701698.0,4725463.0,25.0,25855.0,16.0,12.0,200710.0,11.0,232347.0
20.4,885986482.0,82322.0,17357820.0,66.0,2249771.0,17847.0,8977069.0,39158457.0,243204799.0,76.0,46352.0,71.0,34.0,780991.0,17.0,2767586.0
20.2,129531779.0,14019.0,7342329.0,69.0,89641.0,2642.0,863627.0,12561121.0,57198.0,8.0,153263.0,144.0,1.0,87320.0,2.0,446529.0
20.2,968810827.0,177742.0,38261812.0,77.0,2996719.0,14336.0,5321733.0,47328081.0,37161945.0,22.0,67246.0,5.0,22.0,477009.0,44.0,3522400.0
20.2,493444344.0,48491.0,27331765.0,76.0,979538.0,669052.0,189101077.0,1951015670.0,11818751.0,63.0,8576.0,162.0,3.0,120251.0,11.0,4367770.0
20.2,728140057.0,201363.0,35839296.0,74.0,3365976.0,197935.0,125260763.0,918538689.0,5053171.0,39.0,2120.0,4.0,18.0,59095.0,7.0,2451463.0
19.8,87813373.0,35497.0,4333964.0,51.0,645841.0,1908028.0,389171513.0,3050656195.0,1075513.0,15.0,11520.0,147.0,1.0,458.0,3.0,571513.0
19.7,557921212.0,56240.0,15063771.0,64.0,619110.0,27870.0,5508696.0,41811499.0,36612.0,73.0,118637.0,338.0,26.0,118382.0,7.0,2538528.0
19.7,501915477.0,87258.0,27223463.0,66.0,2821803.0,45257.0,5759482.0,29687816.0,14824786.0,119.0,114659.0,240.0,36.0,78076.0,26.0,11012948.0
19.7,59929910.0,13316.0,1804462.0,56.0,637357.0,39180.0,3603590.0,36200780.0,50573744.0,18.0,99339.0,428.0,8.0,95541.0,14.0,810803.0
19.7,89806639.0,41371.0,4068649.0,59.0,2131185.0,12094.0,5344281.0,49727704.0,470940171.0,21.0,172.0,28.0,9.0,104775.0,23.0,303787.0
19.7,365062854.0,18085.0,10037406.0,71.0,3847991.0,69294.0,7236983.0,109160109.0,117031962.0,20.0,1956.0,32.0,12.0,245806.0,14.0,501725.0
19.6,2021910364.0,410054.0,113406994.0,77.0,4710499.0,264172.0,95247745.0,720283921.0,837901.0,287.0,146813.0,287.0,256.0,3993523.0,97.0,12775440.0
19.6,464203349.0,69767.0,12116553.0,70.0,1072108.0,105583.0,24892738.0,136935165.0,161542927.0,45.0,99018.0,141.0,3.0,106.0,24.0,2256949.0
19.6,858734232.0,177813.0,63919947.0,78.0,3052958.0,43406.0,31003462.0,318483532.0,188799981.0,100.0,56432.0,347.0,31.0,638072.0,22.0,10984658.0
19.5,315697428.0,27166.0,9169246.0,57.0,6459847.0,319300.0,9810976.0,61451981.0,291876127.0,84.0,6723.0,1.0,31.0,227649.0,5.0,1966828.0
19.5,377242486.0,42233.0,11501240.0,68.0,1141593.0,80961.0,39903732.0,224312083.0,62344312.0,21.0,4931.0,218.0,22.0,581162.0,8.0,224414.0
